step,reward
0,35.0
1,35.0
2,35.0
3,35.0
4,35.0
5,35.0
6,35.0
7,35.0
8,35.0
9,35.0
10,35.0
11,35.0
12,35.0
13,35.0
14,35.0
15,35.0
16,35.0
17,35.0
18,35.0
19,35.0
20,35.0
21,35.0
22,35.0
23,35.0
24,35.0
25,35.0
26,35.0
27,35.0
28,35.0
29,35.0
30,35.0
31,35.0
32,35.0
33,35.0
34,35.0
35,35.0
36,35.0
37,35.0
38,35.0
39,35.0
40,35.0
41,35.0
42,35.0
43,35.0
44,35.0
45,35.0
46,35.0
47,35.0
48,35.0
49,35.0
50,35.0
51,35.0
52,35.0
53,35.0
54,35.0
55,35.0
56,35.0
57,35.0
58,35.0
59,35.0
60,35.0
61,35.0
62,35.0
63,35.0
64,35.0
65,35.0
66,35.0
67,35.0
68,35.0
69,35.0
70,35.0
71,35.0
72,35.0
73,35.0
74,35.0
75,35.0
76,35.0
77,35.0
78,35.0
79,35.0
80,35.0
81,35.0
82,35.0
83,35.0
84,35.0
85,35.0
86,35.0
87,35.0
88,35.0
89,35.0
90,35.0
91,35.0
92,35.0
93,35.0
94,35.0
95,35.0
96,35.0
97,35.0
98,35.0
99,35.0
100,35.0
101,35.0
102,35.0
103,35.0
104,35.0
105,35.0
106,35.0
107,35.0
108,35.0
109,35.0
110,35.0
111,35.0
112,35.0
113,35.0
114,35.0
115,35.0
116,35.0
117,35.0
118,35.0
119,35.0
120,35.0
121,35.0
122,35.0
123,35.0
124,35.0
125,35.0
126,35.0
127,35.0
128,35.0
129,35.0
130,35.0
131,35.0
132,35.0
133,35.0
134,35.0
135,35.0
136,35.0
137,35.0
138,35.0
139,35.0
140,35.0
141,35.0
142,35.0
143,35.0
144,35.0
145,35.0
146,35.0
147,35.0
148,35.0
149,35.0
150,35.0
151,35.0
152,35.0
153,35.0
154,35.0
155,35.0
156,35.0
157,35.0
158,35.0
159,35.0
160,35.0
161,35.0
162,35.0
163,35.0
164,35.0
165,35.0
166,35.0
167,35.0
168,35.0
169,35.0
170,35.0
171,35.0
172,35.0
173,35.0
174,35.0
175,35.0
176,35.0
177,35.0
178,35.0
179,35.0
180,35.0
181,35.0
182,35.0
183,35.0
184,35.0
185,35.0
186,35.0
187,35.0
188,35.0
189,35.0
190,35.0
191,35.0
192,35.0
193,35.0
194,35.0
195,35.0
196,35.0
197,35.0
198,35.0
199,35.0
200,35.0
201,35.0
202,35.0
203,35.0
204,35.0
205,35.0
206,35.0
207,35.0
208,35.0
209,35.0
210,35.0
211,35.0
212,35.0
213,35.0
214,35.0
215,35.0
216,35.0
217,35.0
218,35.0
219,35.0
220,35.0
221,35.0
222,35.0
223,35.0
224,35.0
225,35.0
226,35.0
227,35.0
228,35.0
229,35.0
230,35.0
231,35.0
232,35.0
233,35.0
234,35.0
235,35.0
236,35.0
237,35.0
238,35.0
239,35.0
240,35.0
241,35.0
242,35.0
243,35.0
244,35.0
245,35.0
246,35.0
247,35.0
248,35.0
249,35.0
250,35.0
251,35.0
252,35.0
253,35.0
254,35.0
255,35.0
256,35.0
257,35.0
258,35.0
259,35.0
260,35.0
261,35.0
262,35.0
263,35.0
264,35.0
265,35.0
266,35.0
267,35.0
268,35.0
269,35.0
270,35.0
271,35.0
272,35.0
273,35.0
274,35.0
275,35.0
276,35.0
277,35.0
278,35.0
279,35.0
280,35.0
281,35.0
282,35.0
283,35.0
284,35.0
285,35.0
286,35.0
287,35.0
288,35.0
289,35.0
290,35.0
291,35.0
292,35.0
293,35.0
294,35.0
295,35.0
296,35.0
297,35.0
298,35.0
299,35.0
300,35.0
301,35.0
302,35.0
303,35.0
304,35.0
305,35.0
306,35.0
307,35.0
308,35.0
309,35.0
310,35.0
311,35.0
312,35.0
313,35.0
314,35.0
315,35.0
316,35.0
317,35.0
318,35.0
319,35.0
320,35.0
321,35.0
322,35.0
323,35.0
324,35.0
325,35.0
326,35.0
327,35.0
328,35.0
329,35.0
330,35.0
331,35.0
332,35.0
333,35.0
334,35.0
335,35.0
336,35.0
337,35.0
338,35.0
339,35.0
340,35.0
341,35.0
342,35.0
343,35.0
344,35.0
345,35.0
346,35.0
347,35.0
348,35.0
349,35.0
350,35.0
351,35.0
352,35.0
353,35.0
354,35.0
355,35.0
356,35.0
357,35.0
358,35.0
359,35.0
360,35.0
361,35.0
362,35.0
363,35.0
364,35.0
365,35.0
366,35.0
367,35.0
368,35.0
369,35.0
370,35.0
371,35.0
372,35.0
373,35.0
374,35.0
375,35.0
376,35.0
377,35.0
378,35.0
379,35.0
380,35.0
381,35.0
382,35.0
383,35.0
384,35.0
385,35.0
386,35.0
387,35.0
388,35.0
389,35.0
390,35.0
391,35.0
392,35.0
393,35.0
394,35.0
395,35.0
396,35.0
397,35.0
398,35.0
399,35.0
400,35.0
401,35.0
402,35.0
403,35.0
404,35.0
405,35.0
406,35.0
407,35.0
408,35.0
409,35.0
410,35.0
411,35.0
412,35.0
413,35.0
414,35.0
415,35.0
416,35.0
417,35.0
418,35.0
419,35.0
420,35.0
421,35.0
422,35.0
423,35.0
424,35.0
425,35.0
426,35.0
427,35.0
428,35.0
429,35.0
430,35.0
431,35.0
432,35.0
433,35.0
434,35.0
435,35.0
436,35.0
437,35.0
438,35.0
439,35.0
440,35.0
441,35.0
442,35.0
443,35.0
444,35.0
445,35.0
446,35.0
447,35.0
448,35.0
449,35.0
450,35.0
451,35.0
452,35.0
453,35.0
454,35.0
455,35.0
456,35.0
457,35.0
458,35.0
459,35.0
460,35.0
461,35.0
462,35.0
463,35.0
464,35.0
465,35.0
466,35.0
467,35.0
468,35.0
469,35.0
470,35.0
471,35.0
472,35.0
473,35.0
474,35.0
475,35.0
476,35.0
477,35.0
478,35.0
479,35.0
480,35.0
481,35.0
482,35.0
483,35.0
484,35.0
485,35.0
486,35.0
487,35.0
488,35.0
489,35.0
490,35.0
491,35.0
492,35.0
493,35.0
494,35.0
495,35.0
496,35.0
497,35.0
498,35.0
499,35.0
500,35.0
501,35.0
502,35.0
503,35.0
504,35.0
505,35.0
506,35.0
507,35.0
508,35.0
509,35.0
510,35.0
511,35.0
512,35.0
513,35.0
514,35.0
515,35.0
516,35.0
517,35.0
518,35.0
519,35.0
520,35.0
521,35.0
522,35.0
523,35.0
524,35.0
525,35.0
526,35.0
527,30.0
528,35.0
529,30.0
530,30.0
531,25.0
532,30.0
533,28.0
534,30.0
535,35.0
536,35.0
537,35.0
538,35.0
539,35.0
540,35.0
541,35.0
542,35.0
543,35.0
544,35.0
545,35.0
546,35.0
547,35.0
548,35.0
549,35.0
550,35.0
551,35.0
552,35.0
553,35.0
554,35.0
555,35.0
556,35.0
557,35.0
558,35.0
559,35.0
560,35.0
561,35.0
562,35.0
563,35.0
564,35.0
565,35.0
566,35.0
567,35.0
568,35.0
569,35.0
570,35.0
571,35.0
572,35.0
573,35.0
574,35.0
575,35.0
576,35.0
577,35.0
578,35.0
579,35.0
580,35.0
581,35.0
582,35.0
583,35.0
584,35.0
585,35.0
586,35.0
587,35.0
588,35.0
589,35.0
590,35.0
591,35.0
592,35.0
593,35.0
594,35.0
595,35.0
596,35.0
597,35.0
598,35.0
599,35.0
600,35.0
601,35.0
602,35.0
603,35.0
604,35.0
605,35.0
606,35.0
607,35.0
608,35.0
609,35.0
610,35.0
611,35.0
612,35.0
613,35.0
614,35.0
615,35.0
616,35.0
617,35.0
618,35.0
619,35.0
620,35.0
621,35.0
622,35.0
623,35.0
624,35.0
625,35.0
626,35.0
627,35.0
628,35.0
629,35.0
630,35.0
631,35.0
632,35.0
633,35.0
634,35.0
635,35.0
636,35.0
637,35.0
638,35.0
639,35.0
640,35.0
641,35.0
642,35.0
643,35.0
644,35.0
645,35.0
646,35.0
647,35.0
648,35.0
649,35.0
650,35.0
651,35.0
652,35.0
653,35.0
654,35.0
655,35.0
656,35.0
657,35.0
658,35.0
659,35.0
660,35.0
661,35.0
662,35.0
663,35.0
664,35.0
665,35.0
666,35.0
667,35.0
668,35.0
669,35.0
670,35.0
671,35.0
672,35.0
673,35.0
674,35.0
675,35.0
676,35.0
677,35.0
678,35.0
679,35.0
680,35.0
681,35.0
682,35.0
683,35.0
684,35.0
685,35.0
686,35.0
687,35.0
688,35.0
689,35.0
690,35.0
691,35.0
692,35.0
693,35.0
694,35.0
695,35.0
696,35.0
697,35.0
698,35.0
699,35.0
700,35.0
701,35.0
702,35.0
703,35.0
704,35.0
705,35.0
706,35.0
707,35.0
708,35.0
709,35.0
710,35.0
711,35.0
712,35.0
713,35.0
714,35.0
715,35.0
716,35.0
717,35.0
718,35.0
719,35.0
720,35.0
721,35.0
722,35.0
723,35.0
724,35.0
725,35.0
726,35.0
727,35.0
728,35.0
729,35.0
730,35.0
731,35.0
732,35.0
733,35.0
734,35.0
735,35.0
736,35.0
737,35.0
738,35.0
739,35.0
740,35.0
741,35.0
742,35.0
743,35.0
744,35.0
745,35.0
746,35.0
747,35.0
748,35.0
749,35.0
750,35.0
751,35.0
752,35.0
753,35.0
754,35.0
755,35.0
756,35.0
757,35.0
758,35.0
759,35.0
760,35.0
761,35.0
762,35.0
763,35.0
764,35.0
765,35.0
766,35.0
767,35.0
768,35.0
769,35.0
770,35.0
771,35.0
772,35.0
773,35.0
774,35.0
775,35.0
776,35.0
777,35.0
778,35.0
779,35.0
780,35.0
781,35.0
782,35.0
783,35.0
784,35.0
785,35.0
786,35.0
787,35.0
788,35.0
789,35.0
790,35.0
791,35.0
792,35.0
793,35.0
794,35.0
795,35.0
796,35.0
797,30.0
798,35.0
799,35.0
800,35.0
801,35.0
802,35.0
803,35.0
804,35.0
805,35.0
806,35.0
807,35.0
808,35.0
809,35.0
810,35.0
811,35.0
812,35.0
813,35.0
814,35.0
815,35.0
816,35.0
817,35.0
818,35.0
819,35.0
820,35.0
821,35.0
822,35.0
823,35.0
824,35.0
825,35.0
826,35.0
827,35.0
828,35.0
829,35.0
830,35.0
831,35.0
832,35.0
833,35.0
834,35.0
835,35.0
836,35.0
837,35.0
838,35.0
839,35.0
840,35.0
841,35.0
842,35.0
843,35.0
844,35.0
845,35.0
846,35.0
847,35.0
848,35.0
849,35.0
850,35.0
851,35.0
852,35.0
853,35.0
854,35.0
855,35.0
856,35.0
857,35.0
858,35.0
859,35.0
860,35.0
861,35.0
862,35.0
863,35.0
864,35.0
865,35.0
866,35.0
867,35.0
868,35.0
869,35.0
870,35.0
871,35.0
872,35.0
873,35.0
874,35.0
875,35.0
876,35.0
877,35.0
878,35.0
879,35.0
880,35.0
881,35.0
882,35.0
883,35.0
884,35.0
885,35.0
886,35.0
887,35.0
888,35.0
889,35.0
890,35.0
891,35.0
892,35.0
893,35.0
894,35.0
895,35.0
896,35.0
897,35.0
898,35.0
899,35.0
900,35.0
901,35.0
902,35.0
903,35.0
904,35.0
905,35.0
906,35.0
907,35.0
908,35.0
909,35.0
910,35.0
911,35.0
912,35.0
913,35.0
914,35.0
915,35.0
916,35.0
917,35.0
918,35.0
919,35.0
920,35.0
921,35.0
922,35.0
923,35.0
924,35.0
925,35.0
926,35.0
927,35.0
928,35.0
929,35.0
930,35.0
931,35.0
932,35.0
933,35.0
934,35.0
935,35.0
936,35.0
937,35.0
938,35.0
939,35.0
940,35.0
941,35.0
942,35.0
943,35.0
944,35.0
945,35.0
946,35.0
947,35.0
948,35.0
949,35.0
950,35.0
951,35.0
952,35.0
953,35.0
954,35.0
955,35.0
956,35.0
957,35.0
958,35.0
959,35.0
960,35.0
961,35.0
962,35.0
963,35.0
964,35.0
965,35.0
966,35.0
967,35.0
968,35.0
969,35.0
970,35.0
971,35.0
972,35.0
973,35.0
974,35.0
975,35.0
976,35.0
977,35.0
978,35.0
979,35.0
980,35.0
981,35.0
982,35.0
983,35.0
984,35.0
985,35.0
986,35.0
987,35.0
988,35.0
989,35.0
990,35.0
991,35.0
992,35.0
993,35.0
994,35.0
995,35.0
996,35.0
997,35.0
998,35.0
999,35.0
1000,35.0
1001,35.0
1002,35.0
1003,35.0
1004,35.0
1005,35.0
1006,35.0
1007,35.0
1008,35.0
1009,35.0
1010,35.0
1011,35.0
1012,35.0
1013,35.0
1014,35.0
1015,35.0
1016,35.0
1017,35.0
1018,35.0
1019,35.0
1020,35.0
1021,35.0
1022,35.0
1023,35.0
1024,35.0
1025,35.0
1026,35.0
1027,35.0
1028,35.0
1029,35.0
1030,35.0
1031,35.0
1032,35.0
1033,35.0
1034,35.0
1035,35.0
1036,35.0
1037,35.0
1038,35.0
1039,35.0
1040,35.0
1041,35.0
1042,35.0
1043,35.0
1044,35.0
1045,35.0
1046,35.0
1047,35.0
1048,35.0
1049,35.0
1050,35.0
1051,35.0
1052,35.0
1053,35.0
1054,35.0
1055,35.0
1056,35.0
1057,35.0
1058,35.0
1059,35.0
1060,35.0
1061,35.0
1062,35.0
1063,35.0
1064,35.0
1065,35.0
1066,35.0
1067,35.0
1068,35.0
1069,35.0
1070,35.0
1071,35.0
1072,35.0
1073,35.0
1074,35.0
1075,35.0
1076,35.0
1077,35.0
1078,35.0
1079,35.0
1080,35.0
1081,35.0
1082,35.0
1083,35.0
1084,35.0
1085,35.0
1086,35.0
1087,35.0
1088,35.0
1089,35.0
1090,35.0
1091,35.0
1092,35.0
1093,35.0
1094,35.0
1095,35.0
1096,35.0
1097,35.0
1098,35.0
1099,35.0
1100,35.0
1101,35.0
1102,35.0
1103,35.0
1104,35.0
1105,35.0
1106,35.0
1107,35.0
1108,35.0
1109,35.0
1110,35.0
1111,35.0
1112,35.0
1113,35.0
1114,35.0
1115,35.0
1116,35.0
1117,35.0
1118,35.0
1119,35.0
1120,35.0
1121,35.0
1122,35.0
1123,35.0
1124,35.0
1125,35.0
1126,35.0
1127,35.0
1128,35.0
1129,35.0
1130,35.0
1131,35.0
1132,35.0
1133,35.0
1134,35.0
1135,35.0
1136,35.0
1137,35.0
1138,35.0
1139,35.0
1140,35.0
1141,35.0
1142,35.0
1143,35.0
1144,35.0
1145,35.0
1146,35.0
1147,35.0
1148,35.0
1149,35.0
1150,35.0
1151,35.0
1152,35.0
1153,35.0
1154,35.0
1155,35.0
1156,35.0
1157,35.0
1158,35.0
1159,35.0
1160,35.0
1161,35.0
1162,35.0
1163,35.0
1164,35.0
1165,35.0
1166,35.0
1167,35.0
1168,35.0
1169,35.0
1170,35.0
1171,35.0
1172,35.0
1173,35.0
1174,35.0
1175,35.0
1176,35.0
1177,35.0
1178,35.0
1179,35.0
1180,35.0
1181,35.0
1182,35.0
1183,35.0
1184,35.0
1185,35.0
1186,35.0
1187,35.0
1188,35.0
1189,35.0
1190,35.0
1191,35.0
1192,35.0
1193,35.0
1194,35.0
1195,35.0
1196,35.0
1197,35.0
1198,35.0
1199,35.0
1200,35.0
1201,35.0
1202,35.0
1203,35.0
1204,35.0
1205,35.0
1206,35.0
1207,35.0
1208,35.0
1209,35.0
1210,35.0
1211,35.0
1212,35.0
1213,35.0
1214,35.0
1215,35.0
1216,30.0
1217,30.0
1218,28.0
1219,28.0
1220,35.0
1221,35.0
1222,35.0
1223,35.0
1224,35.0
1225,35.0
1226,35.0
1227,35.0
1228,35.0
1229,35.0
1230,35.0
1231,35.0
1232,35.0
1233,35.0
1234,35.0
1235,35.0
1236,35.0
1237,35.0
1238,35.0
1239,35.0
1240,35.0
1241,35.0
1242,35.0
1243,35.0
1244,35.0
1245,35.0
1246,35.0
1247,35.0
1248,35.0
1249,35.0
1250,35.0
1251,35.0
1252,35.0
1253,35.0
1254,35.0
1255,35.0
1256,35.0
1257,35.0
1258,35.0
1259,35.0
1260,35.0
1261,35.0
1262,35.0
1263,35.0
1264,35.0
1265,35.0
1266,35.0
1267,35.0
1268,35.0
1269,35.0
1270,35.0
1271,35.0
1272,35.0
1273,35.0
1274,35.0
1275,35.0
1276,35.0
1277,35.0
1278,35.0
1279,35.0
1280,35.0
1281,35.0
1282,35.0
1283,35.0
1284,35.0
1285,35.0
1286,35.0
1287,35.0
1288,35.0
1289,35.0
1290,35.0
1291,35.0
1292,35.0
1293,35.0
1294,35.0
1295,35.0
1296,35.0
1297,35.0
1298,35.0
1299,35.0
1300,35.0
1301,35.0
1302,35.0
1303,35.0
1304,35.0
1305,35.0
1306,35.0
1307,35.0
1308,35.0
1309,35.0
1310,35.0
1311,35.0
1312,35.0
1313,35.0
1314,35.0
1315,35.0
1316,35.0
1317,35.0
1318,35.0
1319,35.0
1320,35.0
1321,35.0
1322,35.0
1323,35.0
1324,35.0
1325,35.0
1326,35.0
1327,35.0
1328,35.0
1329,35.0
1330,35.0
1331,35.0
1332,35.0
1333,35.0
1334,35.0
1335,35.0
1336,35.0
1337,35.0
1338,35.0
1339,35.0
1340,35.0
1341,35.0
1342,35.0
1343,35.0
1344,35.0
1345,35.0
1346,35.0
1347,35.0
1348,35.0
1349,35.0
1350,35.0
1351,35.0
1352,35.0
1353,35.0
1354,35.0
1355,30.0
1356,35.0
1357,35.0
1358,35.0
1359,30.0
1360,30.0
1361,33.0
1362,35.0
1363,35.0
1364,35.0
1365,35.0
1366,35.0
1367,35.0
1368,35.0
1369,35.0
1370,35.0
1371,35.0
1372,35.0
1373,35.0
1374,35.0
1375,35.0
1376,35.0
1377,35.0
1378,35.0
1379,35.0
1380,35.0
1381,35.0
1382,35.0
1383,35.0
1384,35.0
1385,35.0
1386,35.0
1387,35.0
1388,35.0
1389,35.0
1390,35.0
1391,35.0
1392,35.0
1393,35.0
1394,35.0
1395,35.0
1396,35.0
1397,35.0
1398,35.0
1399,35.0
1400,35.0
1401,35.0
1402,35.0
1403,35.0
1404,35.0
1405,35.0
1406,35.0
1407,35.0
1408,35.0
1409,35.0
1410,35.0
1411,35.0
1412,35.0
1413,35.0
1414,35.0
1415,35.0
1416,35.0
1417,35.0
1418,35.0
1419,35.0
1420,35.0
1421,35.0
1422,35.0
1423,35.0
1424,35.0
1425,35.0
1426,35.0
1427,35.0
1428,35.0
1429,35.0
1430,35.0
1431,35.0
1432,35.0
1433,35.0
1434,35.0
1435,35.0
1436,35.0
1437,35.0
1438,35.0
1439,35.0
1440,35.0
1441,35.0
1442,35.0
1443,35.0
1444,35.0
1445,35.0
1446,35.0
1447,35.0
1448,35.0
1449,35.0
1450,35.0
1451,35.0
1452,35.0
1453,35.0
1454,35.0
1455,35.0
1456,35.0
1457,35.0
1458,35.0
1459,35.0
1460,35.0
1461,35.0
1462,35.0
1463,35.0
1464,35.0
1465,35.0
1466,35.0
1467,35.0
1468,35.0
1469,35.0
1470,35.0
1471,35.0
1472,35.0
1473,35.0
1474,35.0
1475,35.0
1476,35.0
1477,35.0
1478,35.0
1479,35.0
1480,35.0
1481,35.0
1482,35.0
1483,35.0
1484,35.0
1485,35.0
1486,35.0
1487,35.0
1488,35.0
1489,35.0
1490,35.0
1491,35.0
1492,35.0
1493,35.0
1494,35.0
1495,35.0
1496,35.0
1497,35.0
1498,35.0
1499,35.0
1500,35.0
1501,35.0
1502,35.0
1503,35.0
1504,35.0
1505,35.0
1506,35.0
1507,35.0
1508,35.0
1509,35.0
1510,35.0
1511,35.0
1512,35.0
1513,35.0
1514,35.0
1515,35.0
1516,35.0
1517,35.0
1518,35.0
1519,35.0
1520,35.0
1521,35.0
1522,35.0
1523,35.0
1524,35.0
1525,35.0
1526,35.0
1527,35.0
1528,35.0
1529,35.0
1530,35.0
1531,35.0
1532,35.0
1533,35.0
1534,35.0
1535,35.0
1536,35.0
1537,35.0
1538,35.0
1539,35.0
1540,35.0
1541,35.0
1542,35.0
1543,35.0
1544,35.0
1545,35.0
1546,35.0
1547,35.0
1548,35.0
1549,35.0
1550,35.0
1551,35.0
1552,35.0
1553,35.0
1554,35.0
1555,35.0
1556,35.0
1557,35.0
1558,35.0
1559,35.0
1560,35.0
1561,35.0
1562,35.0
1563,35.0
1564,35.0
1565,35.0
1566,35.0
1567,35.0
1568,35.0
1569,35.0
1570,35.0
1571,35.0
1572,35.0
1573,35.0
1574,35.0
1575,35.0
1576,35.0
1577,35.0
1578,30.0
1579,35.0
1580,30.0
1581,30.0
1582,30.0
1583,30.0
1584,30.0
1585,35.0
1586,35.0
1587,35.0
1588,35.0
1589,35.0
1590,35.0
1591,35.0
1592,35.0
1593,35.0
1594,35.0
1595,35.0
1596,35.0
1597,35.0
1598,35.0
1599,35.0
1600,35.0
1601,35.0
1602,35.0
1603,35.0
1604,35.0
1605,35.0
1606,35.0
1607,35.0
1608,35.0
1609,35.0
1610,35.0
1611,35.0
1612,35.0
1613,35.0
1614,35.0
1615,35.0
1616,35.0
1617,35.0
1618,35.0
1619,35.0
1620,35.0
1621,35.0
1622,35.0
1623,35.0
1624,35.0
1625,35.0
1626,35.0
1627,35.0
1628,35.0
1629,35.0
1630,35.0
1631,35.0
1632,35.0
1633,35.0
1634,35.0
1635,35.0
1636,35.0
1637,35.0
1638,35.0
1639,35.0
1640,35.0
1641,35.0
1642,35.0
1643,35.0
1644,35.0
1645,35.0
1646,35.0
1647,35.0
1648,35.0
1649,35.0
1650,35.0
1651,35.0
1652,35.0
1653,35.0
1654,35.0
1655,35.0
1656,35.0
1657,35.0
1658,35.0
1659,35.0
1660,35.0
1661,35.0
1662,35.0
1663,35.0
1664,35.0
1665,35.0
1666,35.0
1667,35.0
1668,35.0
1669,35.0
1670,35.0
1671,35.0
1672,35.0
1673,35.0
1674,35.0
1675,35.0
1676,35.0
1677,35.0
1678,35.0
1679,35.0
1680,35.0
1681,35.0
1682,35.0
1683,35.0
1684,35.0
1685,35.0
1686,35.0
1687,35.0
1688,35.0
1689,35.0
1690,35.0
1691,35.0
1692,35.0
1693,35.0
1694,35.0
1695,35.0
1696,35.0
1697,35.0
1698,35.0
1699,35.0
1700,35.0
1701,35.0
1702,35.0
1703,35.0
1704,35.0
1705,35.0
1706,35.0
1707,35.0
1708,35.0
1709,35.0
1710,35.0
1711,35.0
1712,35.0
1713,35.0
1714,35.0
1715,35.0
1716,35.0
1717,35.0
1718,35.0
1719,35.0
1720,35.0
1721,35.0
1722,35.0
1723,35.0
1724,35.0
1725,35.0
1726,35.0
1727,35.0
1728,35.0
1729,35.0
1730,35.0
1731,35.0
1732,35.0
1733,35.0
1734,35.0
1735,35.0
1736,35.0
1737,35.0
1738,35.0
1739,35.0
1740,35.0
1741,35.0
1742,35.0
1743,35.0
1744,35.0
1745,35.0
1746,35.0
1747,35.0
1748,35.0
1749,35.0
1750,35.0
1751,35.0
1752,35.0
1753,35.0
1754,35.0
1755,35.0
1756,35.0
1757,35.0
1758,35.0
1759,35.0
1760,35.0
1761,35.0
1762,35.0
1763,35.0
1764,35.0
1765,35.0
1766,35.0
1767,35.0
1768,35.0
1769,35.0
1770,35.0
1771,35.0
1772,35.0
1773,35.0
1774,35.0
1775,35.0
1776,35.0
1777,35.0
1778,35.0
1779,35.0
1780,35.0
1781,35.0
1782,35.0
1783,35.0
1784,35.0
1785,35.0
1786,35.0
1787,35.0
1788,35.0
1789,35.0
1790,35.0
1791,35.0
1792,35.0
1793,35.0
1794,35.0
1795,35.0
1796,35.0
1797,35.0
1798,35.0
1799,35.0
1800,35.0
1801,35.0
1802,35.0
1803,35.0
1804,35.0
1805,35.0
1806,35.0
1807,35.0
1808,35.0
1809,35.0
1810,35.0
1811,35.0
1812,35.0
1813,35.0
1814,35.0
1815,35.0
1816,35.0
1817,35.0
1818,35.0
1819,35.0
1820,35.0
1821,35.0
1822,35.0
1823,35.0
1824,35.0
1825,35.0
1826,35.0
1827,35.0
1828,35.0
1829,35.0
1830,35.0
1831,35.0
1832,35.0
1833,35.0
1834,35.0
1835,35.0
1836,35.0
1837,35.0
1838,35.0
1839,35.0
1840,35.0
1841,35.0
1842,35.0
1843,35.0
1844,35.0
1845,35.0
1846,35.0
1847,35.0
1848,35.0
1849,35.0
1850,35.0
1851,35.0
1852,35.0
1853,35.0
1854,35.0
1855,35.0
1856,35.0
1857,35.0
1858,35.0
1859,35.0
1860,35.0
1861,35.0
1862,35.0
1863,35.0
1864,35.0
1865,35.0
1866,35.0
1867,35.0
1868,35.0
1869,35.0
1870,35.0
1871,35.0
1872,35.0
1873,35.0
1874,35.0
1875,35.0
1876,35.0
1877,35.0
1878,35.0
1879,35.0
1880,35.0
1881,35.0
1882,35.0
1883,35.0
1884,35.0
1885,35.0
1886,35.0
1887,35.0
1888,35.0
1889,35.0
1890,35.0
1891,35.0
1892,35.0
1893,35.0
1894,35.0
1895,35.0
1896,35.0
1897,35.0
1898,35.0
1899,35.0
1900,35.0
1901,35.0
1902,35.0
1903,35.0
1904,35.0
1905,35.0
1906,35.0
1907,35.0
1908,35.0
1909,35.0
1910,35.0
1911,35.0
1912,35.0
1913,35.0
1914,35.0
1915,35.0
1916,35.0
1917,35.0
1918,35.0
1919,35.0
1920,35.0
1921,35.0
1922,35.0
1923,35.0
1924,35.0
1925,35.0
1926,35.0
1927,35.0
1928,35.0
1929,35.0
1930,35.0
1931,35.0
1932,35.0
1933,35.0
1934,35.0
1935,35.0
1936,35.0
1937,35.0
1938,35.0
1939,35.0
1940,35.0
1941,35.0
1942,35.0
1943,35.0
1944,35.0
1945,35.0
1946,35.0
1947,35.0
1948,35.0
1949,35.0
1950,35.0
1951,35.0
1952,35.0
1953,35.0
1954,35.0
1955,35.0
1956,35.0
1957,35.0
1958,35.0
1959,35.0
1960,35.0
1961,35.0
1962,35.0
1963,35.0
1964,35.0
1965,35.0
1966,35.0
1967,35.0
1968,35.0
1969,35.0
1970,35.0
1971,35.0
1972,35.0
1973,35.0
1974,35.0
1975,35.0
1976,35.0
1977,35.0
1978,35.0
1979,35.0
1980,35.0
1981,35.0
1982,35.0
1983,35.0
1984,35.0
1985,35.0
1986,35.0
1987,35.0
1988,35.0
1989,35.0
1990,35.0
1991,35.0
1992,35.0
1993,35.0
1994,35.0
1995,35.0
1996,35.0
1997,35.0
1998,35.0
1999,35.0
2000,35.0
2001,35.0
2002,35.0
2003,35.0
2004,35.0
2005,35.0
2006,35.0
2007,35.0
2008,35.0
2009,35.0
2010,35.0
2011,35.0
2012,35.0
2013,35.0
2014,35.0
2015,35.0
2016,35.0
2017,35.0
2018,35.0
2019,35.0
2020,35.0
2021,35.0
2022,35.0
2023,35.0
2024,35.0
2025,35.0
2026,35.0
2027,35.0
2028,35.0
2029,35.0
2030,35.0
2031,35.0
2032,35.0
2033,35.0
2034,35.0
2035,35.0
2036,35.0
2037,35.0
2038,35.0
2039,35.0
2040,35.0
2041,35.0
2042,35.0
2043,35.0
2044,35.0
2045,35.0
2046,35.0
2047,35.0
2048,35.0
2049,35.0
2050,35.0
2051,35.0
2052,35.0
2053,35.0
2054,35.0
2055,35.0
2056,35.0
2057,35.0
2058,35.0
2059,35.0
2060,35.0
2061,35.0
2062,35.0
2063,35.0
2064,35.0
2065,35.0
2066,35.0
2067,35.0
2068,35.0
2069,35.0
2070,35.0
2071,35.0
2072,35.0
2073,35.0
2074,30.0
2075,35.0
2076,35.0
2077,30.0
2078,30.0
2079,30.0
2080,29.0
2081,25.0
2082,28.0
2083,25.0
2084,28.0
2085,25.0
2086,28.0
2087,35.0
2088,30.0
2089,35.0
2090,35.0
2091,35.0
2092,35.0
2093,35.0
2094,35.0
2095,35.0
2096,35.0
2097,35.0
2098,35.0
2099,35.0
2100,35.0
2101,35.0
2102,35.0
2103,35.0
2104,35.0
2105,35.0
2106,35.0
2107,35.0
2108,35.0
2109,35.0
2110,35.0
2111,35.0
2112,35.0
2113,35.0
2114,35.0
2115,35.0
2116,35.0
2117,35.0
2118,35.0
2119,35.0
2120,35.0
2121,35.0
2122,35.0
2123,35.0
2124,35.0
2125,35.0
2126,35.0
2127,35.0
2128,35.0
2129,35.0
2130,35.0
2131,35.0
2132,35.0
2133,35.0
2134,35.0
2135,35.0
2136,35.0
2137,35.0
2138,35.0
2139,35.0
2140,35.0
2141,35.0
2142,35.0
2143,35.0
2144,35.0
2145,35.0
2146,35.0
2147,35.0
2148,35.0
2149,35.0
2150,35.0
2151,35.0
2152,35.0
2153,35.0
2154,35.0
2155,35.0
2156,35.0
2157,35.0
2158,35.0
2159,35.0
2160,35.0
2161,35.0
2162,35.0
2163,35.0
2164,35.0
2165,35.0
2166,35.0
2167,35.0
2168,35.0
2169,35.0
2170,35.0
2171,35.0
2172,35.0
2173,35.0
2174,35.0
2175,35.0
2176,35.0
2177,35.0
2178,35.0
2179,35.0
2180,35.0
2181,35.0
2182,35.0
2183,35.0
2184,35.0
2185,35.0
2186,35.0
2187,35.0
2188,35.0
2189,35.0
2190,35.0
2191,35.0
2192,35.0
2193,35.0
2194,35.0
2195,35.0
2196,35.0
2197,35.0
2198,35.0
2199,35.0
2200,35.0
2201,35.0
2202,35.0
2203,35.0
2204,35.0
2205,35.0
2206,35.0
2207,35.0
2208,35.0
2209,35.0
2210,35.0
2211,35.0
2212,35.0
2213,35.0
2214,35.0
2215,35.0
2216,35.0
2217,35.0
2218,35.0
2219,35.0
2220,35.0
2221,35.0
2222,35.0
2223,35.0
2224,35.0
2225,35.0
2226,35.0
2227,35.0
2228,35.0
2229,35.0
2230,35.0
2231,35.0
2232,35.0
2233,35.0
2234,35.0
2235,35.0
2236,35.0
2237,35.0
2238,35.0
2239,30.0
2240,35.0
2241,35.0
2242,35.0
2243,35.0
2244,35.0
2245,35.0
2246,35.0
2247,35.0
2248,35.0
2249,35.0
2250,35.0
2251,35.0
2252,35.0
2253,35.0
2254,35.0
2255,35.0
2256,35.0
2257,35.0
2258,35.0
2259,35.0
2260,35.0
2261,35.0
2262,35.0
2263,35.0
2264,35.0
2265,35.0
2266,35.0
2267,35.0
2268,35.0
2269,35.0
2270,35.0
2271,35.0
2272,35.0
2273,35.0
2274,35.0
2275,35.0
2276,35.0
2277,35.0
2278,35.0
2279,35.0
2280,35.0
2281,35.0
2282,35.0
2283,35.0
2284,35.0
2285,35.0
2286,35.0
2287,35.0
2288,35.0
2289,35.0
2290,35.0
2291,35.0
2292,35.0
2293,35.0
2294,35.0
2295,35.0
2296,35.0
2297,35.0
2298,35.0
2299,35.0
2300,35.0
2301,35.0
2302,35.0
2303,35.0
2304,35.0
2305,35.0
2306,35.0
2307,35.0
2308,35.0
2309,35.0
2310,35.0
2311,35.0
2312,35.0
2313,35.0
2314,35.0
2315,35.0
2316,35.0
2317,35.0
2318,35.0
2319,35.0
2320,35.0
2321,35.0
2322,35.0
2323,35.0
2324,35.0
2325,35.0
2326,35.0
2327,35.0
2328,35.0
2329,35.0
2330,35.0
2331,35.0
2332,35.0
2333,35.0
2334,35.0
2335,35.0
2336,35.0
2337,35.0
2338,35.0
2339,35.0
2340,35.0
2341,35.0
2342,35.0
2343,35.0
2344,35.0
2345,35.0
2346,35.0
2347,35.0
2348,35.0
2349,35.0
2350,35.0
2351,35.0
2352,35.0
2353,35.0
2354,35.0
2355,35.0
2356,35.0
2357,35.0
2358,35.0
2359,35.0
2360,35.0
2361,35.0
2362,35.0
2363,35.0
2364,35.0
2365,35.0
2366,35.0
2367,35.0
2368,35.0
2369,35.0
2370,35.0
2371,35.0
2372,35.0
2373,35.0
2374,35.0
2375,35.0
2376,35.0
2377,35.0
2378,35.0
2379,35.0
2380,35.0
2381,35.0
2382,35.0
2383,35.0
2384,35.0
2385,35.0
2386,35.0
2387,35.0
2388,35.0
2389,35.0
2390,35.0
2391,35.0
2392,35.0
2393,35.0
2394,35.0
2395,35.0
2396,35.0
2397,35.0
2398,35.0
2399,35.0
2400,35.0
2401,35.0
2402,35.0
2403,35.0
2404,35.0
2405,35.0
2406,35.0
2407,35.0
2408,35.0
2409,35.0
2410,35.0
2411,35.0
2412,35.0
2413,35.0
2414,35.0
2415,30.0
2416,35.0
2417,30.0
2418,30.0
2419,24.0
2420,25.0
2421,23.0
2422,25.0
2423,27.0
2424,30.0
2425,30.0
2426,30.0
2427,30.0
2428,30.0
2429,30.0
2430,30.0
2431,35.0
2432,35.0
2433,35.0
2434,35.0
2435,35.0
2436,35.0
2437,35.0
2438,35.0
2439,35.0
2440,35.0
2441,35.0
2442,35.0
2443,35.0
2444,35.0
2445,35.0
2446,35.0
2447,35.0
2448,35.0
2449,35.0
2450,35.0
2451,35.0
2452,35.0
2453,35.0
2454,35.0
2455,35.0
2456,35.0
2457,35.0
2458,35.0
2459,35.0
2460,35.0
2461,35.0
2462,35.0
2463,35.0
2464,35.0
2465,35.0
2466,35.0
2467,35.0
2468,35.0
2469,35.0
2470,35.0
2471,35.0
2472,35.0
2473,35.0
2474,35.0
2475,35.0
2476,35.0
2477,35.0
2478,35.0
2479,35.0
2480,35.0
2481,35.0
2482,35.0
2483,35.0
2484,35.0
2485,35.0
2486,35.0
2487,35.0
2488,35.0
2489,35.0
2490,35.0
2491,35.0
2492,35.0
2493,35.0
2494,35.0
2495,35.0
2496,35.0
2497,35.0
2498,35.0
2499,35.0
2500,35.0
2501,35.0
2502,35.0
2503,35.0
2504,35.0
2505,35.0
2506,35.0
2507,35.0
2508,35.0
2509,35.0
2510,35.0
2511,35.0
2512,35.0
2513,35.0
2514,35.0
2515,35.0
2516,35.0
2517,35.0
2518,35.0
2519,35.0
2520,35.0
2521,35.0
2522,35.0
2523,35.0
2524,35.0
2525,35.0
2526,35.0
2527,35.0
2528,35.0
2529,35.0
2530,35.0
2531,35.0
2532,35.0
2533,35.0
2534,35.0
2535,35.0
2536,35.0
2537,35.0
2538,35.0
2539,35.0
2540,35.0
2541,35.0
2542,35.0
2543,35.0
2544,35.0
2545,35.0
2546,35.0
2547,35.0
2548,35.0
2549,35.0
2550,35.0
2551,35.0
2552,35.0
2553,35.0
2554,35.0
2555,35.0
2556,35.0
2557,35.0
2558,35.0
2559,35.0
2560,35.0
2561,35.0
2562,35.0
2563,35.0
2564,35.0
2565,35.0
2566,35.0
2567,35.0
2568,35.0
2569,35.0
2570,35.0
2571,35.0
2572,35.0
2573,35.0
2574,35.0
2575,35.0
2576,35.0
2577,35.0
2578,35.0
2579,35.0
2580,35.0
2581,35.0
2582,35.0
2583,35.0
2584,35.0
2585,35.0
2586,35.0
2587,35.0
2588,35.0
2589,35.0
2590,35.0
2591,35.0
2592,35.0
2593,35.0
2594,35.0
2595,35.0
2596,35.0
2597,35.0
2598,35.0
2599,35.0
2600,35.0
2601,35.0
2602,35.0
2603,35.0
2604,35.0
2605,35.0
2606,35.0
2607,35.0
2608,35.0
2609,35.0
2610,35.0
2611,35.0
2612,35.0
2613,35.0
2614,35.0
2615,35.0
2616,35.0
2617,35.0
2618,35.0
2619,35.0
2620,35.0
2621,35.0
2622,35.0
2623,35.0
2624,35.0
2625,35.0
2626,35.0
2627,35.0
2628,35.0
2629,35.0
2630,35.0
2631,30.0
2632,35.0
2633,35.0
2634,35.0
2635,35.0
2636,35.0
2637,35.0
2638,35.0
2639,35.0
2640,35.0
2641,35.0
2642,35.0
2643,35.0
2644,35.0
2645,35.0
2646,35.0
2647,35.0
2648,35.0
2649,35.0
2650,35.0
2651,35.0
2652,35.0
2653,35.0
2654,35.0
2655,35.0
2656,35.0
2657,35.0
2658,35.0
2659,35.0
2660,35.0
2661,35.0
2662,35.0
2663,35.0
2664,35.0
2665,35.0
2666,35.0
2667,35.0
2668,35.0
2669,35.0
2670,35.0
2671,35.0
2672,35.0
2673,35.0
2674,35.0
2675,35.0
2676,35.0
2677,35.0
2678,35.0
2679,35.0
2680,35.0
2681,35.0
2682,35.0
2683,35.0
2684,35.0
2685,35.0
2686,35.0
2687,35.0
2688,35.0
2689,35.0
2690,35.0
2691,35.0
2692,35.0
2693,35.0
2694,35.0
2695,35.0
2696,35.0
2697,35.0
2698,35.0
2699,35.0
2700,35.0
2701,30.0
2702,30.0
2703,35.0
2704,35.0
2705,35.0
2706,35.0
2707,35.0
2708,35.0
2709,35.0
2710,35.0
2711,35.0
2712,35.0
2713,35.0
2714,35.0
2715,35.0
2716,35.0
2717,35.0
2718,35.0
2719,35.0
2720,35.0
2721,35.0
2722,35.0
2723,35.0
2724,35.0
2725,35.0
2726,35.0
2727,35.0
2728,35.0
2729,35.0
2730,35.0
2731,35.0
2732,35.0
2733,35.0
2734,35.0
2735,35.0
2736,35.0
2737,35.0
2738,35.0
2739,35.0
2740,35.0
2741,35.0
2742,35.0
2743,35.0
2744,35.0
2745,35.0
2746,35.0
2747,35.0
2748,35.0
2749,35.0
2750,35.0
2751,35.0
2752,35.0
2753,35.0
2754,35.0
2755,35.0
2756,35.0
2757,35.0
2758,35.0
2759,35.0
2760,35.0
2761,35.0
2762,35.0
2763,35.0
2764,35.0
2765,35.0
2766,35.0
2767,35.0
2768,35.0
2769,35.0
2770,35.0
2771,35.0
2772,35.0
2773,35.0
2774,35.0
2775,35.0
2776,35.0
2777,35.0
2778,35.0
2779,35.0
2780,35.0
2781,35.0
2782,35.0
2783,35.0
2784,35.0
2785,35.0
2786,35.0
2787,35.0
2788,35.0
2789,35.0
2790,35.0
2791,35.0
2792,35.0
2793,35.0
2794,35.0
2795,35.0
2796,35.0
2797,35.0
2798,35.0
2799,35.0
2800,35.0
2801,35.0
2802,35.0
2803,35.0
2804,35.0
2805,35.0
2806,35.0
2807,35.0
2808,35.0
2809,35.0
2810,35.0
2811,35.0
2812,35.0
2813,35.0
2814,35.0
2815,35.0
2816,35.0
2817,35.0
2818,35.0
2819,35.0
2820,35.0
2821,35.0
2822,35.0
2823,35.0
2824,35.0
2825,35.0
2826,35.0
2827,35.0
2828,35.0
2829,35.0
2830,35.0
2831,35.0
2832,35.0
2833,35.0
2834,35.0
2835,35.0
2836,35.0
2837,35.0
2838,35.0
2839,35.0
2840,35.0
2841,35.0
2842,35.0
2843,35.0
2844,35.0
2845,35.0
2846,35.0
2847,35.0
2848,35.0
2849,35.0
2850,35.0
2851,35.0
2852,35.0
2853,35.0
2854,35.0
2855,35.0
2856,35.0
2857,35.0
2858,35.0
2859,35.0
2860,35.0
2861,35.0
2862,35.0
2863,35.0
2864,35.0
2865,35.0
2866,35.0
2867,35.0
2868,35.0
2869,35.0
2870,35.0
2871,35.0
2872,35.0
2873,35.0
2874,35.0
2875,35.0
2876,35.0
2877,35.0
2878,35.0
2879,35.0
2880,35.0
2881,35.0
2882,35.0
2883,35.0
2884,35.0
2885,35.0
2886,35.0
2887,35.0
2888,35.0
2889,35.0
2890,35.0
2891,35.0
2892,35.0
2893,35.0
2894,35.0
2895,35.0
2896,35.0
2897,35.0
2898,35.0
2899,35.0
2900,35.0
2901,35.0
2902,35.0
2903,35.0
2904,35.0
2905,35.0
2906,35.0
2907,35.0
2908,35.0
2909,35.0
2910,35.0
2911,35.0
2912,35.0
2913,35.0
2914,35.0
2915,35.0
2916,35.0
2917,35.0
2918,35.0
2919,35.0
2920,35.0
2921,35.0
2922,35.0
2923,35.0
2924,35.0
2925,35.0
2926,35.0
2927,35.0
2928,35.0
2929,35.0
2930,35.0
2931,35.0
2932,35.0
2933,35.0
2934,35.0
2935,35.0
2936,35.0
2937,35.0
2938,35.0
2939,35.0
2940,35.0
2941,35.0
2942,35.0
2943,35.0
2944,35.0
2945,35.0
2946,35.0
2947,35.0
2948,35.0
2949,35.0
2950,35.0
2951,35.0
2952,35.0
2953,30.0
2954,35.0
2955,35.0
2956,30.0
2957,35.0
2958,35.0
2959,30.0
2960,30.0
2961,35.0
2962,35.0
2963,35.0
2964,35.0
2965,35.0
2966,35.0
2967,35.0
2968,35.0
2969,35.0
2970,35.0
2971,35.0
2972,35.0
2973,35.0
2974,35.0
2975,35.0
2976,35.0
2977,35.0
2978,35.0
2979,35.0
2980,35.0
2981,35.0
2982,35.0
2983,35.0
2984,35.0
2985,35.0
2986,35.0
2987,35.0
2988,35.0
2989,35.0
2990,35.0
2991,35.0
2992,35.0
2993,35.0
2994,35.0
2995,35.0
2996,35.0
2997,35.0
2998,35.0
2999,35.0
3000,35.0
3001,35.0
3002,35.0
3003,35.0
3004,35.0
3005,35.0
3006,35.0
3007,35.0
3008,35.0
3009,35.0
3010,35.0
3011,35.0
3012,35.0
3013,35.0
3014,35.0
3015,35.0
3016,35.0
3017,35.0
3018,35.0
3019,35.0
3020,35.0
3021,35.0
3022,35.0
3023,35.0
3024,35.0
3025,35.0
3026,35.0
3027,35.0
3028,35.0
3029,35.0
3030,35.0
3031,35.0
3032,35.0
3033,35.0
3034,35.0
3035,35.0
3036,35.0
3037,35.0
3038,35.0
3039,35.0
3040,35.0
3041,35.0
3042,35.0
3043,35.0
3044,35.0
3045,35.0
3046,35.0
3047,35.0
3048,35.0
3049,35.0
3050,35.0
3051,35.0
3052,35.0
3053,35.0
3054,35.0
3055,35.0
3056,35.0
3057,35.0
3058,35.0
3059,35.0
3060,35.0
3061,35.0
3062,35.0
3063,35.0
3064,35.0
3065,35.0
3066,35.0
3067,35.0
3068,35.0
3069,35.0
3070,35.0
3071,35.0
3072,35.0
3073,35.0
3074,35.0
3075,35.0
3076,35.0
3077,35.0
3078,35.0
3079,35.0
3080,35.0
3081,35.0
3082,35.0
3083,35.0
3084,35.0
3085,35.0
3086,35.0
3087,35.0
3088,35.0
3089,35.0
3090,35.0
3091,35.0
3092,35.0
3093,35.0
3094,35.0
3095,35.0
3096,35.0
3097,35.0
3098,35.0
3099,35.0
3100,35.0
3101,35.0
3102,35.0
3103,35.0
3104,35.0
3105,35.0
3106,35.0
3107,35.0
3108,35.0
3109,35.0
3110,35.0
3111,35.0
3112,35.0
3113,35.0
3114,35.0
3115,35.0
3116,35.0
3117,35.0
3118,35.0
3119,35.0
3120,35.0
3121,35.0
3122,35.0
3123,35.0
3124,35.0
3125,35.0
3126,35.0
3127,35.0
3128,35.0
3129,35.0
3130,35.0
3131,35.0
3132,35.0
3133,35.0
3134,35.0
3135,35.0
3136,35.0
3137,35.0
3138,35.0
3139,35.0
3140,35.0
3141,35.0
3142,35.0
3143,35.0
3144,35.0
3145,35.0
3146,35.0
3147,35.0
3148,35.0
3149,35.0
3150,35.0
3151,35.0
3152,35.0
3153,35.0
3154,35.0
3155,35.0
3156,35.0
3157,35.0
3158,35.0
3159,35.0
3160,35.0
3161,35.0
3162,35.0
3163,35.0
3164,35.0
3165,35.0
3166,35.0
3167,35.0
3168,35.0
3169,35.0
3170,35.0
3171,35.0
3172,35.0
3173,35.0
3174,35.0
3175,35.0
3176,35.0
3177,35.0
3178,35.0
3179,35.0
3180,35.0
3181,35.0
3182,35.0
3183,35.0
3184,35.0
3185,35.0
3186,35.0
3187,35.0
3188,35.0
3189,35.0
3190,35.0
3191,35.0
3192,35.0
3193,35.0
3194,35.0
3195,35.0
3196,35.0
3197,35.0
3198,35.0
3199,35.0
3200,35.0
3201,35.0
3202,35.0
3203,35.0
3204,35.0
3205,35.0
3206,35.0
3207,35.0
3208,35.0
3209,35.0
3210,35.0
3211,35.0
3212,35.0
3213,35.0
3214,35.0
3215,35.0
3216,35.0
3217,35.0
3218,35.0
3219,35.0
3220,35.0
3221,35.0
3222,35.0
3223,35.0
3224,35.0
3225,35.0
3226,35.0
3227,35.0
3228,35.0
3229,35.0
3230,35.0
3231,35.0
3232,35.0
3233,35.0
3234,35.0
3235,35.0
3236,35.0
3237,35.0
3238,35.0
3239,35.0
3240,35.0
3241,35.0
3242,35.0
3243,35.0
3244,35.0
3245,35.0
3246,35.0
3247,35.0
3248,35.0
3249,35.0
3250,35.0
3251,35.0
3252,35.0
3253,35.0
3254,35.0
3255,35.0
3256,35.0
3257,35.0
3258,35.0
3259,35.0
3260,35.0
3261,35.0
3262,35.0
3263,35.0
3264,35.0
3265,35.0
3266,35.0
3267,35.0
3268,35.0
3269,35.0
3270,35.0
3271,35.0
3272,35.0
3273,35.0
3274,35.0
3275,35.0
3276,35.0
3277,35.0
3278,35.0
3279,35.0
3280,35.0
3281,35.0
3282,35.0
3283,35.0
3284,35.0
3285,35.0
3286,35.0
3287,35.0
3288,35.0
3289,35.0
3290,35.0
3291,35.0
3292,35.0
3293,35.0
3294,35.0
3295,35.0
3296,35.0
3297,35.0
3298,35.0
3299,35.0
3300,35.0
3301,35.0
3302,35.0
3303,35.0
3304,35.0
3305,35.0
3306,35.0
3307,35.0
3308,35.0
3309,35.0
3310,35.0
3311,35.0
3312,35.0
3313,35.0
3314,35.0
3315,35.0
3316,35.0
3317,35.0
3318,35.0
3319,35.0
3320,35.0
3321,35.0
3322,35.0
3323,35.0
3324,35.0
3325,35.0
3326,35.0
3327,35.0
3328,35.0
3329,35.0
3330,35.0
3331,35.0
3332,35.0
3333,35.0
3334,35.0
3335,35.0
3336,35.0
3337,35.0
3338,35.0
3339,35.0
3340,35.0
3341,35.0
3342,35.0
3343,35.0
3344,35.0
3345,35.0
3346,35.0
3347,35.0
3348,35.0
3349,35.0
3350,35.0
3351,35.0
3352,35.0
3353,35.0
3354,35.0
3355,35.0
3356,35.0
3357,35.0
3358,35.0
3359,35.0
3360,35.0
3361,35.0
3362,35.0
3363,35.0
3364,35.0
3365,35.0
3366,35.0
3367,35.0
3368,35.0
3369,35.0
3370,35.0
3371,35.0
3372,35.0
3373,35.0
3374,35.0
3375,35.0
3376,35.0
3377,35.0
3378,35.0
3379,35.0
3380,35.0
3381,35.0
3382,35.0
3383,35.0
3384,35.0
3385,35.0
3386,35.0
3387,35.0
3388,35.0
3389,35.0
3390,35.0
3391,35.0
3392,35.0
3393,35.0
3394,35.0
3395,35.0
3396,35.0
3397,35.0
3398,35.0
3399,35.0
3400,35.0
3401,35.0
3402,35.0
3403,35.0
3404,35.0
3405,35.0
3406,35.0
3407,35.0
3408,35.0
3409,35.0
3410,35.0
3411,35.0
3412,35.0
3413,35.0
3414,35.0
3415,35.0
3416,35.0
3417,35.0
3418,35.0
3419,35.0
3420,35.0
3421,35.0
3422,35.0
3423,35.0
3424,35.0
3425,35.0
3426,35.0
3427,35.0
3428,35.0
3429,35.0
3430,35.0
3431,35.0
3432,35.0
3433,35.0
3434,35.0
3435,35.0
3436,35.0
3437,35.0
3438,35.0
3439,35.0
3440,35.0
3441,35.0
3442,35.0
3443,35.0
3444,35.0
3445,35.0
3446,35.0
3447,35.0
3448,35.0
3449,35.0
3450,35.0
3451,35.0
3452,35.0
3453,35.0
3454,35.0
3455,35.0
3456,35.0
3457,35.0
3458,35.0
3459,35.0
3460,35.0
3461,35.0
3462,35.0
3463,35.0
3464,35.0
3465,35.0
3466,35.0
3467,35.0
3468,35.0
3469,35.0
3470,35.0
3471,35.0
3472,35.0
3473,35.0
3474,35.0
3475,35.0
3476,35.0
3477,35.0
3478,35.0
3479,35.0
3480,35.0
3481,35.0
3482,35.0
3483,35.0
3484,35.0
3485,35.0
3486,35.0
3487,35.0
3488,35.0
3489,35.0
3490,35.0
3491,35.0
3492,35.0
3493,35.0
3494,35.0
3495,35.0
3496,35.0
3497,35.0
3498,35.0
3499,35.0
3500,35.0
3501,35.0
3502,35.0
3503,25.0
3504,34.0
3505,35.0
3506,30.0
3507,35.0
3508,35.0
3509,35.0
3510,35.0
3511,35.0
3512,35.0
3513,35.0
3514,30.0
3515,35.0
3516,35.0
3517,35.0
3518,35.0
3519,35.0
3520,35.0
3521,35.0
3522,35.0
3523,35.0
3524,35.0
3525,35.0
3526,35.0
3527,35.0
3528,35.0
3529,35.0
3530,35.0
3531,35.0
3532,35.0
3533,35.0
3534,35.0
3535,35.0
3536,35.0
3537,35.0
3538,35.0
3539,35.0
3540,35.0
3541,35.0
3542,35.0
3543,35.0
3544,35.0
3545,35.0
3546,35.0
3547,35.0
3548,35.0
3549,35.0
3550,35.0
3551,35.0
3552,35.0
3553,35.0
3554,35.0
3555,35.0
3556,35.0
3557,35.0
3558,35.0
3559,35.0
3560,35.0
3561,35.0
3562,35.0
3563,35.0
3564,35.0
3565,35.0
3566,35.0
3567,35.0
3568,35.0
3569,35.0
3570,35.0
3571,35.0
3572,35.0
3573,35.0
3574,35.0
3575,35.0
3576,35.0
3577,35.0
3578,35.0
3579,35.0
3580,35.0
3581,35.0
3582,35.0
3583,30.0
3584,34.0
3585,35.0
3586,35.0
3587,35.0
3588,35.0
3589,35.0
3590,35.0
3591,35.0
3592,35.0
3593,35.0
3594,35.0
3595,35.0
3596,35.0
3597,35.0
3598,35.0
3599,35.0
3600,35.0
3601,35.0
3602,35.0
3603,35.0
3604,35.0
3605,35.0
3606,35.0
3607,35.0
3608,35.0
3609,35.0
3610,35.0
3611,35.0
3612,35.0
3613,35.0
3614,35.0
3615,35.0
3616,35.0
3617,35.0
3618,35.0
3619,35.0
3620,35.0
3621,35.0
3622,35.0
3623,35.0
3624,35.0
3625,35.0
3626,35.0
3627,35.0
3628,35.0
3629,35.0
3630,35.0
3631,35.0
3632,35.0
3633,35.0
3634,35.0
3635,35.0
3636,35.0
3637,35.0
3638,35.0
3639,35.0
3640,35.0
3641,35.0
3642,35.0
3643,35.0
3644,35.0
3645,35.0
3646,35.0
3647,35.0
3648,35.0
3649,35.0
3650,35.0
3651,35.0
3652,35.0
3653,35.0
3654,35.0
3655,35.0
3656,35.0
3657,35.0
3658,35.0
3659,35.0
3660,35.0
3661,35.0
3662,35.0
3663,35.0
3664,35.0
3665,35.0
3666,35.0
3667,35.0
3668,35.0
3669,35.0
3670,35.0
3671,35.0
3672,35.0
3673,35.0
3674,35.0
3675,35.0
3676,35.0
3677,35.0
3678,35.0
3679,35.0
3680,35.0
3681,35.0
3682,35.0
3683,35.0
3684,35.0
3685,35.0
3686,35.0
3687,35.0
3688,35.0
3689,35.0
3690,35.0
3691,35.0
3692,35.0
3693,35.0
3694,35.0
3695,35.0
3696,35.0
3697,35.0
3698,35.0
3699,35.0
3700,35.0
3701,35.0
3702,35.0
3703,35.0
3704,35.0
3705,35.0
3706,35.0
3707,35.0
3708,35.0
3709,35.0
3710,35.0
3711,35.0
3712,35.0
3713,35.0
3714,35.0
3715,35.0
3716,35.0
3717,35.0
3718,35.0
3719,35.0
3720,35.0
3721,35.0
3722,35.0
3723,35.0
3724,35.0
3725,35.0
3726,35.0
3727,35.0
3728,35.0
3729,35.0
3730,35.0
3731,35.0
3732,35.0
3733,35.0
3734,35.0
3735,35.0
3736,35.0
3737,35.0
3738,35.0
3739,35.0
3740,35.0
3741,35.0
3742,35.0
3743,35.0
3744,35.0
3745,35.0
3746,35.0
3747,35.0
3748,35.0
3749,35.0
3750,35.0
3751,30.0
3752,30.0
3753,35.0
3754,35.0
3755,35.0
3756,35.0
3757,35.0
3758,35.0
3759,35.0
3760,35.0
3761,35.0
3762,35.0
3763,35.0
3764,35.0
3765,35.0
3766,35.0
3767,35.0
3768,35.0
3769,35.0
3770,35.0
3771,35.0
3772,35.0
3773,35.0
3774,35.0
3775,35.0
3776,35.0
3777,35.0
3778,35.0
3779,35.0
3780,35.0
3781,35.0
3782,35.0
3783,35.0
3784,35.0
3785,35.0
3786,35.0
3787,35.0
3788,35.0
3789,35.0
3790,35.0
3791,35.0
3792,35.0
3793,35.0
3794,35.0
3795,35.0
3796,35.0
3797,35.0
3798,35.0
3799,35.0
3800,35.0
3801,35.0
3802,35.0
3803,35.0
3804,35.0
3805,35.0
3806,35.0
3807,35.0
3808,35.0
3809,35.0
3810,35.0
3811,35.0
3812,35.0
3813,35.0
3814,35.0
3815,35.0
3816,35.0
3817,35.0
3818,35.0
3819,35.0
3820,35.0
3821,35.0
3822,35.0
3823,35.0
3824,35.0
3825,35.0
3826,35.0
3827,35.0
3828,35.0
3829,35.0
3830,35.0
3831,35.0
3832,35.0
3833,35.0
3834,35.0
3835,35.0
3836,35.0
3837,35.0
3838,35.0
3839,35.0
3840,35.0
3841,35.0
3842,35.0
3843,35.0
3844,35.0
3845,35.0
3846,35.0
3847,35.0
3848,35.0
3849,35.0
3850,35.0
3851,35.0
3852,35.0
3853,35.0
3854,35.0
3855,35.0
3856,35.0
3857,35.0
3858,35.0
3859,35.0
3860,35.0
3861,35.0
3862,35.0
3863,35.0
3864,35.0
3865,35.0
3866,35.0
3867,35.0
3868,35.0
3869,35.0
3870,35.0
3871,35.0
3872,35.0
3873,35.0
3874,35.0
3875,35.0
3876,35.0
3877,35.0
3878,35.0
3879,35.0
3880,35.0
3881,35.0
3882,35.0
3883,35.0
3884,35.0
3885,35.0
3886,35.0
3887,35.0
3888,35.0
3889,35.0
3890,35.0
3891,35.0
3892,35.0
3893,35.0
3894,35.0
3895,35.0
3896,35.0
3897,35.0
3898,35.0
3899,35.0
3900,35.0
3901,35.0
3902,35.0
3903,35.0
3904,35.0
3905,35.0
3906,35.0
3907,35.0
3908,35.0
3909,35.0
3910,35.0
3911,35.0
3912,35.0
3913,35.0
3914,35.0
3915,35.0
3916,35.0
3917,35.0
3918,35.0
3919,35.0
3920,35.0
3921,35.0
3922,35.0
3923,35.0
3924,35.0
3925,35.0
3926,35.0
3927,35.0
3928,35.0
3929,35.0
3930,35.0
3931,35.0
3932,35.0
3933,35.0
3934,35.0
3935,35.0
3936,35.0
3937,35.0
3938,35.0
3939,35.0
3940,35.0
3941,35.0
3942,35.0
3943,35.0
3944,35.0
3945,35.0
3946,35.0
3947,35.0
3948,35.0
3949,35.0
3950,35.0
3951,35.0
3952,35.0
3953,35.0
3954,35.0
3955,35.0
3956,35.0
3957,35.0
3958,35.0
3959,35.0
3960,35.0
3961,35.0
3962,35.0
3963,35.0
3964,35.0
3965,35.0
3966,35.0
3967,35.0
3968,35.0
3969,35.0
3970,35.0
3971,35.0
3972,35.0
3973,35.0
3974,35.0
3975,35.0
3976,35.0
3977,35.0
3978,35.0
3979,35.0
3980,35.0
3981,35.0
3982,35.0
3983,35.0
3984,35.0
3985,35.0
3986,35.0
3987,35.0
3988,35.0
3989,35.0
3990,35.0
3991,35.0
3992,35.0
3993,35.0
3994,35.0
3995,35.0
3996,35.0
3997,35.0
3998,35.0
3999,35.0
4000,35.0
4001,35.0
4002,35.0
4003,35.0
4004,35.0
4005,35.0
4006,35.0
4007,35.0
4008,35.0
4009,35.0
4010,35.0
4011,35.0
4012,35.0
4013,35.0
4014,35.0
4015,35.0
4016,35.0
4017,35.0
4018,35.0
4019,35.0
4020,35.0
4021,35.0
4022,35.0
4023,35.0
4024,35.0
4025,35.0
4026,35.0
4027,35.0
4028,35.0
4029,35.0
4030,35.0
4031,35.0
4032,35.0
4033,35.0
4034,35.0
4035,35.0
4036,35.0
4037,35.0
4038,35.0
4039,35.0
4040,35.0
4041,35.0
4042,35.0
4043,35.0
4044,35.0
4045,35.0
4046,35.0
4047,35.0
4048,35.0
4049,35.0
4050,35.0
4051,35.0
4052,35.0
4053,35.0
4054,35.0
4055,35.0
4056,35.0
4057,35.0
4058,35.0
4059,35.0
4060,35.0
4061,35.0
4062,35.0
4063,35.0
4064,35.0
4065,35.0
4066,35.0
4067,35.0
4068,35.0
4069,35.0
4070,35.0
4071,35.0
4072,35.0
4073,35.0
4074,35.0
4075,35.0
4076,35.0
4077,35.0
4078,35.0
4079,35.0
4080,35.0
4081,35.0
4082,35.0
4083,35.0
4084,35.0
4085,35.0
4086,35.0
4087,35.0
4088,35.0
4089,35.0
4090,35.0
4091,35.0
4092,35.0
4093,35.0
4094,35.0
4095,35.0
4096,35.0
4097,35.0
4098,35.0
4099,35.0
4100,35.0
4101,30.0
4102,35.0
4103,35.0
4104,35.0
4105,35.0
4106,35.0
4107,35.0
4108,35.0
4109,35.0
4110,35.0
4111,35.0
4112,35.0
4113,35.0
4114,35.0
4115,35.0
4116,35.0
4117,35.0
4118,35.0
4119,35.0
4120,35.0
4121,35.0
4122,35.0
4123,35.0
4124,35.0
4125,35.0
4126,35.0
4127,35.0
4128,35.0
4129,35.0
4130,35.0
4131,35.0
4132,35.0
4133,35.0
4134,35.0
4135,35.0
4136,35.0
4137,35.0
4138,35.0
4139,35.0
4140,35.0
4141,35.0
4142,35.0
4143,35.0
4144,35.0
4145,35.0
4146,35.0
4147,35.0
4148,35.0
4149,35.0
4150,35.0
4151,35.0
4152,35.0
4153,35.0
4154,35.0
4155,35.0
4156,35.0
4157,35.0
4158,35.0
4159,35.0
4160,35.0
4161,35.0
4162,35.0
4163,35.0
4164,35.0
4165,35.0
4166,35.0
4167,35.0
4168,35.0
4169,35.0
4170,35.0
4171,35.0
4172,35.0
4173,35.0
4174,35.0
4175,35.0
4176,35.0
4177,35.0
4178,35.0
4179,35.0
4180,35.0
4181,35.0
4182,35.0
4183,35.0
4184,35.0
4185,35.0
4186,35.0
4187,35.0
4188,35.0
4189,35.0
4190,35.0
4191,35.0
4192,35.0
4193,35.0
4194,35.0
4195,35.0
4196,35.0
4197,35.0
4198,35.0
4199,35.0
4200,35.0
4201,35.0
4202,35.0
4203,35.0
4204,35.0
4205,35.0
4206,35.0
4207,35.0
4208,35.0
4209,35.0
4210,35.0
4211,35.0
4212,35.0
4213,35.0
4214,35.0
4215,35.0
4216,35.0
4217,35.0
4218,35.0
4219,35.0
4220,35.0
4221,35.0
4222,35.0
4223,35.0
4224,35.0
4225,35.0
4226,35.0
4227,35.0
4228,35.0
4229,35.0
4230,35.0
4231,35.0
4232,35.0
4233,35.0
4234,35.0
4235,35.0
4236,35.0
4237,35.0
4238,35.0
4239,35.0
4240,35.0
4241,35.0
4242,35.0
4243,35.0
4244,35.0
4245,35.0
4246,35.0
4247,35.0
4248,35.0
4249,35.0
4250,35.0
4251,35.0
4252,35.0
4253,35.0
4254,35.0
4255,35.0
4256,35.0
4257,35.0
4258,35.0
4259,35.0
4260,35.0
4261,35.0
4262,35.0
4263,35.0
4264,35.0
4265,35.0
4266,35.0
4267,35.0
4268,35.0
4269,35.0
4270,35.0
4271,35.0
4272,35.0
4273,35.0
4274,35.0
4275,35.0
4276,35.0
4277,35.0
4278,35.0
4279,35.0
4280,35.0
4281,35.0
4282,35.0
4283,35.0
4284,35.0
4285,35.0
4286,35.0
4287,35.0
4288,35.0
4289,35.0
4290,35.0
4291,35.0
4292,35.0
4293,35.0
4294,35.0
4295,35.0
4296,35.0
4297,35.0
4298,35.0
4299,35.0
4300,35.0
4301,35.0
4302,35.0
4303,35.0
4304,35.0
4305,35.0
4306,35.0
4307,35.0
4308,35.0
4309,35.0
4310,35.0
4311,30.0
4312,35.0
4313,35.0
4314,35.0
4315,35.0
4316,35.0
4317,35.0
4318,35.0
4319,35.0
4320,35.0
4321,35.0
4322,35.0
4323,35.0
4324,35.0
4325,35.0
4326,35.0
4327,35.0
4328,35.0
4329,35.0
4330,35.0
4331,35.0
4332,35.0
4333,35.0
4334,35.0
4335,35.0
4336,35.0
4337,35.0
4338,35.0
4339,35.0
4340,35.0
4341,35.0
4342,35.0
4343,35.0
4344,35.0
4345,35.0
4346,35.0
4347,35.0
4348,35.0
4349,35.0
4350,35.0
4351,35.0
4352,35.0
4353,35.0
4354,35.0
4355,35.0
4356,35.0
4357,35.0
4358,35.0
4359,35.0
4360,35.0
4361,35.0
4362,35.0
4363,35.0
4364,35.0
4365,35.0
4366,35.0
4367,35.0
4368,35.0
4369,35.0
4370,35.0
4371,35.0
4372,35.0
4373,35.0
4374,35.0
4375,35.0
4376,35.0
4377,35.0
4378,35.0
4379,35.0
4380,35.0
4381,35.0
4382,35.0
4383,35.0
4384,35.0
4385,35.0
4386,35.0
4387,35.0
4388,35.0
4389,35.0
4390,35.0
4391,35.0
4392,35.0
4393,35.0
4394,35.0
4395,35.0
4396,35.0
4397,35.0
4398,35.0
4399,35.0
4400,35.0
4401,35.0
4402,35.0
4403,35.0
4404,35.0
4405,35.0
4406,35.0
4407,35.0
4408,35.0
4409,35.0
4410,35.0
4411,35.0
4412,35.0
4413,35.0
4414,35.0
4415,35.0
4416,35.0
4417,35.0
4418,35.0
4419,35.0
4420,35.0
4421,35.0
4422,35.0
4423,35.0
4424,35.0
4425,35.0
4426,35.0
4427,35.0
4428,35.0
4429,35.0
4430,35.0
4431,35.0
4432,35.0
4433,35.0
4434,35.0
4435,35.0
4436,35.0
4437,35.0
4438,35.0
4439,35.0
4440,35.0
4441,35.0
4442,35.0
4443,35.0
4444,35.0
4445,35.0
4446,35.0
4447,35.0
4448,35.0
4449,35.0
4450,35.0
4451,35.0
4452,35.0
4453,35.0
4454,35.0
4455,35.0
4456,35.0
4457,35.0
4458,35.0
4459,35.0
4460,35.0
4461,35.0
4462,35.0
4463,35.0
4464,35.0
4465,35.0
4466,35.0
4467,35.0
4468,35.0
4469,35.0
4470,35.0
4471,35.0
4472,35.0
4473,35.0
4474,35.0
4475,35.0
4476,35.0
4477,35.0
4478,35.0
4479,35.0
4480,35.0
4481,35.0
4482,35.0
4483,35.0
4484,35.0
4485,35.0
4486,35.0
4487,35.0
4488,35.0
4489,35.0
4490,35.0
4491,35.0
4492,35.0
4493,35.0
4494,35.0
4495,35.0
4496,35.0
4497,35.0
4498,35.0
4499,35.0
4500,35.0
4501,35.0
4502,35.0
4503,35.0
4504,35.0
4505,35.0
4506,35.0
4507,30.0
4508,35.0
4509,35.0
4510,30.0
4511,30.0
4512,30.0
4513,35.0
4514,30.0
4515,35.0
4516,35.0
4517,35.0
4518,35.0
4519,35.0
4520,35.0
4521,35.0
4522,35.0
4523,35.0
4524,35.0
4525,35.0
4526,35.0
4527,35.0
4528,35.0
4529,35.0
4530,35.0
4531,35.0
4532,35.0
4533,35.0
4534,35.0
4535,35.0
4536,35.0
4537,35.0
4538,35.0
4539,35.0
4540,35.0
4541,35.0
4542,35.0
4543,35.0
4544,35.0
4545,35.0
4546,35.0
4547,35.0
4548,35.0
4549,35.0
4550,35.0
4551,35.0
4552,35.0
4553,35.0
4554,35.0
4555,35.0
4556,35.0
4557,35.0
4558,35.0
4559,35.0
4560,35.0
4561,35.0
4562,35.0
4563,35.0
4564,35.0
4565,35.0
4566,35.0
4567,35.0
4568,35.0
4569,35.0
4570,35.0
4571,35.0
4572,35.0
4573,35.0
4574,35.0
4575,35.0
4576,35.0
4577,35.0
4578,35.0
4579,35.0
4580,35.0
4581,35.0
4582,35.0
4583,35.0
4584,35.0
4585,35.0
4586,35.0
4587,35.0
4588,35.0
4589,35.0
4590,35.0
4591,35.0
4592,35.0
4593,35.0
4594,35.0
4595,35.0
4596,35.0
4597,35.0
4598,35.0
4599,35.0
4600,35.0
4601,35.0
4602,35.0
4603,35.0
4604,35.0
4605,35.0
4606,35.0
4607,35.0
4608,35.0
4609,35.0
4610,35.0
4611,35.0
4612,35.0
4613,35.0
4614,35.0
4615,35.0
4616,35.0
4617,35.0
4618,35.0
4619,35.0
4620,35.0
4621,35.0
4622,35.0
4623,35.0
4624,35.0
4625,35.0
4626,35.0
4627,35.0
4628,35.0
4629,35.0
4630,35.0
4631,35.0
4632,35.0
4633,35.0
4634,35.0
4635,35.0
4636,35.0
4637,35.0
4638,35.0
4639,35.0
4640,35.0
4641,35.0
4642,35.0
4643,35.0
4644,35.0
4645,35.0
4646,35.0
4647,35.0
4648,35.0
4649,35.0
4650,35.0
4651,35.0
4652,35.0
4653,35.0
4654,35.0
4655,35.0
4656,35.0
4657,35.0
4658,35.0
4659,35.0
4660,35.0
4661,35.0
4662,35.0
4663,35.0
4664,35.0
4665,35.0
4666,35.0
4667,35.0
4668,35.0
4669,35.0
4670,35.0
4671,35.0
4672,35.0
4673,35.0
4674,35.0
4675,35.0
4676,35.0
4677,35.0
4678,35.0
4679,35.0
4680,35.0
4681,35.0
4682,35.0
4683,35.0
4684,35.0
4685,35.0
4686,35.0
4687,35.0
4688,35.0
4689,35.0
4690,35.0
4691,35.0
4692,35.0
4693,35.0
4694,35.0
4695,35.0
4696,35.0
4697,35.0
4698,35.0
4699,35.0
4700,35.0
4701,35.0
4702,35.0
4703,35.0
4704,35.0
4705,35.0
4706,35.0
4707,35.0
4708,35.0
4709,35.0
4710,35.0
4711,35.0
4712,35.0
4713,35.0
4714,35.0
4715,35.0
4716,35.0
4717,35.0
4718,35.0
4719,35.0
4720,35.0
4721,35.0
4722,35.0
4723,35.0
4724,35.0
4725,35.0
4726,35.0
4727,35.0
4728,35.0
4729,35.0
4730,35.0
4731,35.0
4732,35.0
4733,35.0
4734,35.0
4735,35.0
4736,35.0
4737,35.0
4738,35.0
4739,35.0
4740,35.0
4741,35.0
4742,35.0
4743,35.0
4744,35.0
4745,35.0
4746,35.0
4747,35.0
4748,35.0
4749,35.0
4750,35.0
4751,35.0
4752,35.0
4753,35.0
4754,35.0
4755,35.0
4756,35.0
4757,35.0
4758,35.0
4759,35.0
4760,35.0
4761,35.0
4762,35.0
4763,35.0
4764,35.0
4765,35.0
4766,35.0
4767,35.0
4768,35.0
4769,35.0
4770,35.0
4771,35.0
4772,35.0
4773,35.0
4774,35.0
4775,35.0
4776,35.0
4777,35.0
4778,35.0
4779,35.0
4780,35.0
4781,35.0
4782,35.0
4783,35.0
4784,35.0
4785,35.0
4786,35.0
4787,35.0
4788,35.0
4789,35.0
4790,35.0
4791,35.0
4792,35.0
4793,35.0
4794,35.0
4795,35.0
4796,35.0
4797,35.0
4798,35.0
4799,35.0
4800,35.0
4801,35.0
4802,35.0
4803,35.0
4804,35.0
4805,35.0
4806,35.0
4807,35.0
4808,35.0
4809,35.0
4810,35.0
4811,35.0
4812,35.0
4813,35.0
4814,35.0
4815,35.0
4816,35.0
4817,35.0
4818,35.0
4819,35.0
4820,35.0
4821,35.0
4822,35.0
4823,35.0
4824,35.0
4825,35.0
4826,35.0
4827,35.0
4828,35.0
4829,35.0
4830,35.0
4831,35.0
4832,35.0
4833,35.0
4834,35.0
4835,35.0
4836,35.0
4837,35.0
4838,35.0
4839,35.0
4840,35.0
4841,35.0
4842,35.0
4843,35.0
4844,35.0
4845,35.0
4846,35.0
4847,35.0
4848,35.0
4849,35.0
4850,35.0
4851,35.0
4852,35.0
4853,35.0
4854,35.0
4855,35.0
4856,35.0
4857,35.0
4858,35.0
4859,35.0
4860,35.0
4861,35.0
4862,35.0
4863,35.0
4864,35.0
4865,35.0
4866,35.0
4867,35.0
4868,35.0
4869,35.0
4870,35.0
4871,35.0
4872,35.0
4873,35.0
4874,35.0
4875,35.0
4876,35.0
4877,35.0
4878,35.0
4879,35.0
4880,35.0
4881,35.0
4882,35.0
4883,35.0
4884,35.0
4885,35.0
4886,35.0
4887,35.0
4888,35.0
4889,35.0
4890,35.0
4891,35.0
4892,35.0
4893,35.0
4894,35.0
4895,35.0
4896,35.0
4897,35.0
4898,35.0
4899,35.0
4900,35.0
4901,35.0
4902,35.0
4903,35.0
4904,35.0
4905,35.0
4906,35.0
4907,35.0
4908,35.0
4909,35.0
4910,35.0
4911,35.0
4912,35.0
4913,35.0
4914,35.0
4915,35.0
4916,35.0
4917,35.0
4918,35.0
4919,35.0
4920,35.0
4921,35.0
4922,35.0
4923,35.0
4924,35.0
4925,35.0
4926,35.0
4927,35.0
4928,35.0
4929,35.0
4930,35.0
4931,35.0
4932,35.0
4933,35.0
4934,35.0
4935,35.0
4936,35.0
4937,35.0
4938,35.0
4939,35.0
4940,35.0
4941,35.0
4942,35.0
4943,35.0
4944,35.0
4945,35.0
4946,35.0
4947,35.0
4948,35.0
4949,35.0
4950,35.0
4951,35.0
4952,35.0
4953,35.0
4954,35.0
4955,35.0
4956,35.0
4957,35.0
4958,35.0
4959,35.0
4960,35.0
4961,35.0
4962,35.0
4963,35.0
4964,35.0
4965,35.0
4966,35.0
4967,35.0
4968,35.0
4969,35.0
4970,35.0
4971,35.0
4972,35.0
4973,35.0
4974,35.0
4975,35.0
4976,35.0
4977,35.0
4978,35.0
4979,35.0
4980,35.0
4981,35.0
4982,35.0
4983,35.0
4984,35.0
4985,35.0
4986,35.0
4987,35.0
4988,35.0
4989,35.0
4990,35.0
4991,35.0
4992,35.0
4993,35.0
4994,35.0
4995,35.0
4996,35.0
4997,35.0
4998,35.0
4999,35.0
5000,35.0
5001,35.0
5002,35.0
5003,35.0
5004,35.0
5005,35.0
5006,35.0
5007,35.0
5008,35.0
5009,35.0
5010,35.0
5011,35.0
5012,35.0
5013,35.0
5014,35.0
5015,35.0
5016,35.0
5017,35.0
5018,35.0
5019,35.0
5020,35.0
5021,35.0
5022,35.0
5023,35.0
5024,35.0
5025,35.0
5026,35.0
5027,35.0
5028,35.0
5029,35.0
5030,35.0
5031,35.0
5032,35.0
5033,35.0
5034,35.0
5035,35.0
5036,35.0
5037,35.0
5038,35.0
5039,35.0
5040,35.0
5041,35.0
5042,35.0
5043,35.0
5044,35.0
5045,35.0
5046,35.0
5047,35.0
5048,35.0
5049,35.0
5050,35.0
5051,35.0
5052,35.0
5053,35.0
5054,35.0
5055,35.0
5056,35.0
5057,35.0
5058,35.0
5059,35.0
5060,35.0
5061,35.0
5062,35.0
5063,35.0
5064,35.0
5065,35.0
5066,35.0
5067,35.0
5068,35.0
5069,30.0
5070,30.0
5071,35.0
5072,35.0
5073,35.0
5074,35.0
5075,35.0
5076,35.0
5077,35.0
5078,35.0
5079,35.0
5080,35.0
5081,35.0
5082,35.0
5083,35.0
5084,35.0
5085,35.0
5086,35.0
5087,35.0
5088,35.0
5089,35.0
5090,35.0
5091,35.0
5092,35.0
5093,35.0
5094,35.0
5095,35.0
5096,35.0
5097,35.0
5098,35.0
5099,35.0
5100,35.0
5101,35.0
5102,35.0
5103,35.0
5104,35.0
5105,35.0
5106,35.0
5107,35.0
5108,35.0
5109,35.0
5110,35.0
5111,35.0
5112,35.0
5113,35.0
5114,35.0
5115,35.0
5116,35.0
5117,35.0
5118,35.0
5119,35.0
5120,35.0
5121,35.0
5122,35.0
5123,35.0
5124,35.0
5125,35.0
5126,35.0
5127,35.0
5128,35.0
5129,35.0
5130,35.0
5131,35.0
5132,35.0
5133,35.0
5134,35.0
5135,35.0
5136,35.0
5137,35.0
5138,35.0
5139,35.0
5140,35.0
5141,35.0
5142,35.0
5143,35.0
5144,35.0
5145,35.0
5146,35.0
5147,35.0
5148,35.0
5149,35.0
5150,35.0
5151,35.0
5152,35.0
5153,35.0
5154,35.0
5155,35.0
5156,35.0
5157,35.0
5158,35.0
5159,35.0
5160,35.0
5161,35.0
5162,35.0
5163,35.0
5164,35.0
5165,35.0
5166,35.0
5167,35.0
5168,35.0
5169,35.0
5170,35.0
5171,35.0
5172,35.0
5173,35.0
5174,35.0
5175,35.0
5176,35.0
5177,35.0
5178,35.0
5179,35.0
5180,35.0
5181,35.0
5182,35.0
5183,35.0
5184,35.0
5185,35.0
5186,35.0
5187,35.0
5188,35.0
5189,35.0
5190,35.0
5191,35.0
5192,35.0
5193,35.0
5194,35.0
5195,35.0
5196,35.0
5197,35.0
5198,35.0
5199,35.0
5200,35.0
5201,35.0
5202,35.0
5203,35.0
5204,35.0
5205,35.0
5206,35.0
5207,35.0
5208,35.0
5209,35.0
5210,35.0
5211,35.0
5212,35.0
5213,35.0
5214,35.0
5215,35.0
5216,35.0
5217,35.0
5218,35.0
5219,35.0
5220,35.0
5221,35.0
5222,35.0
5223,35.0
5224,35.0
5225,35.0
5226,35.0
5227,35.0
5228,35.0
5229,35.0
5230,35.0
5231,35.0
5232,35.0
5233,35.0
5234,35.0
5235,35.0
5236,35.0
5237,35.0
5238,35.0
5239,35.0
5240,35.0
5241,35.0
5242,35.0
5243,35.0
5244,35.0
5245,35.0
5246,35.0
5247,35.0
5248,35.0
5249,35.0
5250,35.0
5251,35.0
5252,35.0
5253,35.0
5254,35.0
5255,35.0
5256,35.0
5257,35.0
5258,35.0
5259,35.0
5260,35.0
5261,35.0
5262,35.0
5263,35.0
5264,35.0
5265,35.0
5266,35.0
5267,35.0
5268,35.0
5269,35.0
5270,35.0
5271,35.0
5272,35.0
5273,35.0
5274,35.0
5275,35.0
5276,35.0
5277,35.0
5278,35.0
5279,35.0
5280,35.0
5281,35.0
5282,35.0
5283,35.0
5284,35.0
5285,35.0
5286,35.0
5287,35.0
5288,35.0
5289,35.0
5290,35.0
5291,35.0
5292,35.0
5293,35.0
5294,35.0
5295,35.0
5296,35.0
5297,35.0
5298,35.0
5299,35.0
5300,35.0
5301,35.0
5302,35.0
5303,35.0
5304,35.0
5305,35.0
5306,35.0
5307,35.0
5308,35.0
5309,35.0
5310,35.0
5311,35.0
5312,35.0
5313,35.0
5314,35.0
5315,35.0
5316,35.0
5317,35.0
5318,35.0
5319,35.0
5320,35.0
5321,35.0
5322,35.0
5323,35.0
5324,35.0
5325,35.0
5326,35.0
5327,35.0
5328,35.0
5329,35.0
5330,35.0
5331,35.0
5332,35.0
5333,35.0
5334,35.0
5335,35.0
5336,35.0
5337,35.0
5338,35.0
5339,35.0
5340,35.0
5341,35.0
5342,35.0
5343,35.0
5344,35.0
5345,35.0
5346,35.0
5347,35.0
5348,35.0
5349,35.0
5350,35.0
5351,35.0
5352,35.0
5353,35.0
5354,35.0
5355,35.0
5356,35.0
5357,35.0
5358,35.0
5359,30.0
5360,30.0
5361,30.0
5362,30.0
5363,35.0
5364,35.0
5365,35.0
5366,35.0
5367,35.0
5368,35.0
5369,35.0
5370,35.0
5371,35.0
5372,35.0
5373,35.0
5374,35.0
5375,35.0
5376,35.0
5377,35.0
5378,35.0
5379,35.0
5380,35.0
5381,35.0
5382,35.0
5383,35.0
5384,35.0
5385,35.0
5386,35.0
5387,35.0
5388,35.0
5389,35.0
5390,35.0
5391,35.0
5392,35.0
5393,35.0
5394,35.0
5395,35.0
5396,35.0
5397,35.0
5398,35.0
5399,35.0
5400,35.0
5401,35.0
5402,35.0
5403,35.0
5404,35.0
5405,35.0
5406,35.0
5407,35.0
5408,35.0
5409,35.0
5410,35.0
5411,35.0
5412,35.0
5413,35.0
5414,35.0
5415,35.0
5416,35.0
5417,35.0
5418,35.0
5419,35.0
5420,35.0
5421,35.0
5422,35.0
5423,35.0
5424,35.0
5425,35.0
5426,35.0
5427,35.0
5428,35.0
5429,35.0
5430,35.0
5431,35.0
5432,35.0
5433,35.0
5434,35.0
5435,35.0
5436,35.0
5437,35.0
5438,35.0
5439,35.0
5440,35.0
5441,35.0
5442,35.0
5443,35.0
5444,35.0
5445,35.0
5446,35.0
5447,35.0
5448,35.0
5449,35.0
5450,35.0
5451,35.0
5452,35.0
5453,35.0
5454,35.0
5455,35.0
5456,35.0
5457,35.0
5458,35.0
5459,35.0
5460,35.0
5461,35.0
5462,35.0
5463,35.0
5464,35.0
5465,35.0
5466,35.0
5467,35.0
5468,35.0
5469,35.0
5470,35.0
5471,35.0
5472,35.0
5473,35.0
5474,35.0
5475,35.0
5476,35.0
5477,35.0
5478,35.0
5479,35.0
5480,35.0
5481,35.0
5482,35.0
5483,35.0
5484,35.0
5485,35.0
5486,35.0
5487,35.0
5488,35.0
5489,35.0
5490,35.0
5491,35.0
5492,35.0
5493,35.0
5494,35.0
5495,35.0
5496,35.0
5497,35.0
5498,35.0
5499,35.0
5500,35.0
5501,35.0
5502,35.0
5503,35.0
5504,35.0
5505,35.0
5506,35.0
5507,35.0
5508,35.0
5509,35.0
5510,35.0
5511,35.0
5512,35.0
5513,35.0
5514,35.0
5515,35.0
5516,35.0
5517,35.0
5518,35.0
5519,35.0
5520,35.0
5521,35.0
5522,35.0
5523,35.0
5524,35.0
5525,35.0
5526,35.0
5527,35.0
5528,35.0
5529,35.0
5530,35.0
5531,35.0
5532,35.0
5533,35.0
5534,35.0
5535,35.0
5536,35.0
5537,35.0
5538,35.0
5539,35.0
5540,35.0
5541,35.0
5542,35.0
5543,35.0
5544,35.0
5545,35.0
5546,35.0
5547,35.0
5548,35.0
5549,35.0
5550,35.0
5551,35.0
5552,35.0
5553,35.0
5554,35.0
5555,35.0
5556,35.0
5557,35.0
5558,35.0
5559,35.0
5560,35.0
5561,35.0
5562,35.0
5563,35.0
5564,35.0
5565,35.0
5566,35.0
5567,35.0
5568,35.0
5569,35.0
5570,35.0
5571,35.0
5572,35.0
5573,35.0
5574,35.0
5575,35.0
5576,35.0
5577,35.0
5578,35.0
5579,35.0
5580,35.0
5581,35.0
5582,35.0
5583,35.0
5584,35.0
5585,35.0
5586,35.0
5587,35.0
5588,35.0
5589,35.0
5590,35.0
5591,35.0
5592,35.0
5593,35.0
5594,35.0
5595,35.0
5596,35.0
5597,35.0
5598,35.0
5599,35.0
5600,35.0
5601,35.0
5602,35.0
5603,35.0
5604,35.0
5605,35.0
5606,35.0
5607,35.0
5608,35.0
5609,35.0
5610,35.0
5611,35.0
5612,35.0
5613,35.0
5614,35.0
5615,35.0
5616,35.0
5617,35.0
5618,35.0
5619,35.0
5620,35.0
5621,35.0
5622,35.0
5623,35.0
5624,35.0
5625,35.0
5626,35.0
5627,35.0
5628,35.0
5629,35.0
5630,35.0
5631,35.0
5632,35.0
5633,35.0
5634,35.0
5635,35.0
5636,35.0
5637,35.0
5638,35.0
5639,35.0
5640,35.0
5641,35.0
5642,35.0
5643,35.0
5644,35.0
5645,35.0
5646,35.0
5647,35.0
5648,35.0
5649,35.0
5650,35.0
5651,35.0
5652,35.0
5653,35.0
5654,35.0
5655,35.0
5656,35.0
5657,35.0
5658,35.0
5659,35.0
5660,35.0
5661,35.0
5662,35.0
5663,35.0
5664,35.0
5665,35.0
5666,35.0
5667,35.0
5668,35.0
5669,35.0
5670,35.0
5671,35.0
5672,35.0
5673,35.0
5674,35.0
5675,35.0
5676,35.0
5677,35.0
5678,35.0
5679,35.0
5680,35.0
5681,35.0
5682,35.0
5683,35.0
5684,35.0
5685,35.0
5686,35.0
5687,35.0
5688,35.0
5689,35.0
5690,35.0
5691,35.0
5692,35.0
5693,35.0
5694,35.0
5695,35.0
5696,35.0
5697,35.0
5698,35.0
5699,35.0
5700,35.0
5701,35.0
5702,35.0
5703,35.0
5704,35.0
5705,35.0
5706,35.0
5707,35.0
5708,35.0
5709,35.0
5710,35.0
5711,35.0
5712,35.0
5713,35.0
5714,35.0
5715,35.0
5716,35.0
5717,35.0
5718,35.0
5719,35.0
5720,35.0
5721,35.0
5722,35.0
5723,35.0
5724,35.0
5725,35.0
5726,35.0
5727,35.0
5728,35.0
5729,35.0
5730,35.0
5731,35.0
5732,35.0
5733,35.0
5734,35.0
5735,35.0
5736,35.0
5737,35.0
5738,35.0
5739,35.0
5740,35.0
5741,35.0
5742,35.0
5743,35.0
5744,35.0
5745,35.0
5746,35.0
5747,35.0
5748,35.0
5749,35.0
5750,35.0
5751,35.0
5752,35.0
5753,35.0
5754,35.0
5755,35.0
5756,35.0
5757,35.0
5758,35.0
5759,35.0
5760,35.0
5761,35.0
5762,35.0
5763,35.0
5764,35.0
5765,35.0
5766,35.0
5767,35.0
5768,35.0
5769,35.0
5770,35.0
5771,35.0
5772,35.0
5773,35.0
5774,35.0
5775,35.0
5776,35.0
5777,35.0
5778,35.0
5779,35.0
5780,35.0
5781,35.0
5782,35.0
5783,35.0
5784,35.0
5785,35.0
5786,35.0
5787,35.0
5788,35.0
5789,35.0
5790,35.0
5791,35.0
5792,35.0
5793,35.0
5794,35.0
5795,35.0
5796,35.0
5797,35.0
5798,35.0
5799,35.0
5800,35.0
5801,35.0
5802,35.0
5803,35.0
5804,35.0
5805,35.0
5806,35.0
5807,35.0
5808,35.0
5809,35.0
5810,35.0
5811,35.0
5812,35.0
5813,35.0
5814,35.0
5815,35.0
5816,35.0
5817,35.0
5818,35.0
5819,35.0
5820,35.0
5821,35.0
5822,35.0
5823,35.0
5824,35.0
5825,35.0
5826,35.0
5827,35.0
5828,35.0
5829,35.0
5830,35.0
5831,35.0
5832,35.0
5833,35.0
5834,35.0
5835,35.0
5836,35.0
5837,35.0
5838,35.0
5839,35.0
5840,35.0
5841,35.0
5842,35.0
5843,35.0
5844,35.0
5845,35.0
5846,35.0
5847,35.0
5848,35.0
5849,35.0
5850,35.0
5851,35.0
5852,35.0
5853,35.0
5854,35.0
5855,35.0
5856,35.0
5857,35.0
5858,35.0
5859,35.0
5860,35.0
5861,35.0
5862,35.0
5863,35.0
5864,35.0
5865,35.0
5866,35.0
5867,35.0
5868,35.0
5869,35.0
5870,35.0
5871,35.0
5872,35.0
5873,35.0
5874,35.0
5875,35.0
5876,35.0
5877,35.0
5878,35.0
5879,35.0
5880,35.0
5881,35.0
5882,35.0
5883,35.0
5884,35.0
5885,35.0
5886,35.0
5887,35.0
5888,35.0
5889,35.0
5890,35.0
5891,35.0
5892,35.0
5893,35.0
5894,35.0
5895,35.0
5896,35.0
5897,35.0
5898,35.0
5899,35.0
5900,35.0
5901,35.0
5902,35.0
5903,35.0
5904,35.0
5905,35.0
5906,35.0
5907,35.0
5908,35.0
5909,35.0
5910,35.0
5911,35.0
5912,35.0
5913,35.0
5914,35.0
5915,35.0
5916,35.0
5917,35.0
5918,35.0
5919,35.0
5920,35.0
5921,35.0
5922,35.0
5923,35.0
5924,35.0
5925,35.0
5926,35.0
5927,35.0
5928,35.0
5929,35.0
5930,35.0
5931,35.0
5932,35.0
5933,35.0
5934,35.0
5935,35.0
5936,35.0
5937,35.0
5938,35.0
5939,35.0
5940,35.0
5941,35.0
5942,35.0
5943,35.0
5944,35.0
5945,35.0
5946,35.0
5947,35.0
5948,35.0
5949,35.0
5950,35.0
5951,35.0
5952,35.0
5953,35.0
5954,35.0
5955,35.0
5956,35.0
5957,35.0
5958,35.0
5959,35.0
5960,35.0
5961,35.0
5962,35.0
5963,35.0
5964,35.0
5965,35.0
5966,35.0
5967,35.0
5968,35.0
5969,35.0
5970,35.0
5971,35.0
5972,35.0
5973,35.0
5974,35.0
5975,35.0
5976,35.0
5977,35.0
5978,35.0
5979,35.0
5980,35.0
5981,35.0
5982,35.0
5983,35.0
5984,35.0
5985,35.0
5986,35.0
5987,35.0
5988,35.0
5989,35.0
5990,35.0
5991,35.0
5992,35.0
5993,35.0
5994,35.0
5995,35.0
5996,35.0
5997,35.0
5998,35.0
5999,35.0
6000,35.0
6001,35.0
6002,35.0
6003,35.0
6004,35.0
6005,35.0
6006,35.0
6007,35.0
6008,35.0
6009,35.0
6010,35.0
6011,35.0
6012,35.0
6013,35.0
6014,35.0
6015,35.0
6016,35.0
6017,35.0
6018,35.0
6019,35.0
6020,35.0
6021,35.0
6022,35.0
6023,35.0
6024,35.0
6025,35.0
6026,35.0
6027,35.0
6028,35.0
6029,35.0
6030,35.0
6031,35.0
6032,35.0
6033,35.0
6034,35.0
6035,35.0
6036,35.0
6037,35.0
6038,35.0
6039,35.0
6040,35.0
6041,35.0
6042,35.0
6043,35.0
6044,35.0
6045,35.0
6046,35.0
6047,35.0
6048,35.0
6049,35.0
6050,35.0
6051,35.0
6052,35.0
6053,35.0
6054,35.0
6055,35.0
6056,35.0
6057,35.0
6058,35.0
6059,35.0
6060,35.0
6061,35.0
6062,35.0
6063,35.0
6064,35.0
6065,35.0
6066,35.0
6067,35.0
6068,35.0
6069,35.0
6070,35.0
6071,35.0
6072,35.0
6073,35.0
6074,35.0
6075,35.0
6076,35.0
6077,35.0
6078,35.0
6079,35.0
6080,35.0
6081,35.0
6082,35.0
6083,35.0
6084,35.0
6085,35.0
6086,35.0
6087,35.0
6088,35.0
6089,35.0
6090,35.0
6091,35.0
6092,35.0
6093,35.0
6094,35.0
6095,35.0
6096,35.0
6097,35.0
6098,35.0
6099,35.0
6100,35.0
6101,35.0
6102,35.0
6103,35.0
6104,35.0
6105,35.0
6106,35.0
6107,35.0
6108,35.0
6109,35.0
6110,35.0
6111,35.0
6112,35.0
6113,35.0
6114,35.0
6115,35.0
6116,35.0
6117,35.0
6118,35.0
6119,35.0
6120,35.0
6121,35.0
6122,35.0
6123,35.0
6124,35.0
6125,35.0
6126,35.0
6127,35.0
6128,35.0
6129,35.0
6130,35.0
6131,35.0
6132,35.0
6133,35.0
6134,35.0
6135,35.0
6136,35.0
6137,35.0
6138,35.0
6139,35.0
6140,35.0
6141,35.0
6142,35.0
6143,35.0
6144,35.0
6145,35.0
6146,35.0
6147,35.0
6148,35.0
6149,35.0
6150,35.0
6151,35.0
6152,35.0
6153,35.0
6154,35.0
6155,35.0
6156,35.0
6157,35.0
6158,35.0
6159,35.0
6160,35.0
6161,35.0
6162,35.0
6163,35.0
6164,35.0
6165,35.0
6166,35.0
6167,35.0
6168,35.0
6169,35.0
6170,35.0
6171,35.0
6172,35.0
6173,35.0
6174,35.0
6175,35.0
6176,35.0
6177,35.0
6178,35.0
6179,35.0
6180,35.0
6181,35.0
6182,35.0
6183,30.0
6184,35.0
6185,30.0
6186,34.0
6187,30.0
6188,30.0
6189,35.0
6190,30.0
6191,35.0
6192,35.0
6193,35.0
6194,35.0
6195,35.0
6196,35.0
6197,35.0
6198,35.0
6199,35.0
6200,35.0
6201,35.0
6202,35.0
6203,35.0
6204,35.0
6205,35.0
6206,35.0
6207,35.0
6208,35.0
6209,35.0
6210,35.0
6211,35.0
6212,35.0
6213,35.0
6214,35.0
6215,35.0
6216,35.0
6217,35.0
6218,35.0
6219,35.0
6220,35.0
6221,35.0
6222,35.0
6223,35.0
6224,35.0
6225,35.0
6226,35.0
6227,35.0
6228,35.0
6229,35.0
6230,35.0
6231,35.0
6232,35.0
6233,35.0
6234,35.0
6235,35.0
6236,35.0
6237,35.0
6238,35.0
6239,35.0
6240,35.0
6241,35.0
6242,35.0
6243,35.0
6244,35.0
6245,35.0
6246,35.0
6247,35.0
6248,35.0
6249,35.0
6250,35.0
6251,35.0
6252,35.0
6253,35.0
6254,35.0
6255,35.0
6256,35.0
6257,35.0
6258,35.0
6259,35.0
6260,35.0
6261,35.0
6262,35.0
6263,35.0
6264,35.0
6265,35.0
6266,35.0
6267,35.0
6268,35.0
6269,35.0
6270,35.0
6271,35.0
6272,35.0
6273,35.0
6274,35.0
6275,35.0
6276,35.0
6277,35.0
6278,35.0
6279,35.0
6280,35.0
6281,35.0
6282,35.0
6283,35.0
6284,35.0
6285,35.0
6286,35.0
6287,35.0
6288,35.0
6289,35.0
6290,35.0
6291,35.0
6292,35.0
6293,35.0
6294,35.0
6295,35.0
6296,35.0
6297,35.0
6298,35.0
6299,35.0
6300,35.0
6301,35.0
6302,35.0
6303,35.0
6304,35.0
6305,35.0
6306,35.0
6307,35.0
6308,35.0
6309,35.0
6310,35.0
6311,35.0
6312,35.0
6313,35.0
6314,35.0
6315,35.0
6316,35.0
6317,35.0
6318,35.0
6319,35.0
6320,35.0
6321,35.0
6322,35.0
6323,35.0
6324,35.0
6325,35.0
6326,35.0
6327,35.0
6328,35.0
6329,35.0
6330,35.0
6331,35.0
6332,35.0
6333,35.0
6334,35.0
6335,35.0
6336,35.0
6337,35.0
6338,35.0
6339,35.0
6340,35.0
6341,35.0
6342,35.0
6343,35.0
6344,35.0
6345,35.0
6346,35.0
6347,35.0
6348,35.0
6349,35.0
6350,35.0
6351,35.0
6352,35.0
6353,35.0
6354,35.0
6355,35.0
6356,35.0
6357,35.0
6358,35.0
6359,35.0
6360,35.0
6361,35.0
6362,35.0
6363,35.0
6364,35.0
6365,35.0
6366,35.0
6367,35.0
6368,35.0
6369,35.0
6370,35.0
6371,35.0
6372,35.0
6373,35.0
6374,35.0
6375,35.0
6376,35.0
6377,35.0
6378,35.0
6379,35.0
6380,35.0
6381,35.0
6382,35.0
6383,35.0
6384,35.0
6385,35.0
6386,35.0
6387,35.0
6388,35.0
6389,35.0
6390,35.0
6391,35.0
6392,35.0
6393,35.0
6394,35.0
6395,35.0
6396,35.0
6397,35.0
6398,35.0
6399,35.0
6400,35.0
6401,35.0
6402,35.0
6403,35.0
6404,35.0
6405,35.0
6406,35.0
6407,35.0
6408,35.0
6409,35.0
6410,35.0
6411,35.0
6412,35.0
6413,35.0
6414,35.0
6415,35.0
6416,35.0
6417,35.0
6418,35.0
6419,35.0
6420,35.0
6421,35.0
6422,35.0
6423,35.0
6424,35.0
6425,35.0
6426,35.0
6427,35.0
6428,35.0
6429,35.0
6430,35.0
6431,35.0
6432,35.0
6433,35.0
6434,35.0
6435,35.0
6436,35.0
6437,35.0
6438,35.0
6439,35.0
6440,35.0
6441,35.0
6442,35.0
6443,35.0
6444,35.0
6445,35.0
6446,35.0
6447,35.0
6448,35.0
6449,35.0
6450,35.0
6451,35.0
6452,35.0
6453,35.0
6454,35.0
6455,35.0
6456,35.0
6457,35.0
6458,35.0
6459,35.0
6460,35.0
6461,35.0
6462,35.0
6463,35.0
6464,35.0
6465,35.0
6466,35.0
6467,35.0
6468,35.0
6469,35.0
6470,35.0
6471,35.0
6472,35.0
6473,35.0
6474,35.0
6475,35.0
6476,35.0
6477,35.0
6478,35.0
6479,35.0
6480,35.0
6481,35.0
6482,35.0
6483,35.0
6484,35.0
6485,35.0
6486,35.0
6487,35.0
6488,35.0
6489,35.0
6490,35.0
6491,35.0
6492,35.0
6493,35.0
6494,35.0
6495,35.0
6496,35.0
6497,35.0
6498,35.0
6499,35.0
6500,35.0
6501,35.0
6502,35.0
6503,35.0
6504,35.0
6505,35.0
6506,35.0
6507,35.0
6508,35.0
6509,35.0
6510,35.0
6511,35.0
6512,35.0
6513,35.0
6514,35.0
6515,35.0
6516,35.0
6517,35.0
6518,35.0
6519,35.0
6520,35.0
6521,35.0
6522,35.0
6523,35.0
6524,35.0
6525,35.0
6526,35.0
6527,35.0
6528,35.0
6529,35.0
6530,35.0
6531,35.0
6532,35.0
6533,35.0
6534,35.0
6535,35.0
6536,35.0
6537,30.0
6538,35.0
6539,35.0
6540,35.0
6541,35.0
6542,35.0
6543,35.0
6544,35.0
6545,35.0
6546,35.0
6547,35.0
6548,35.0
6549,35.0
6550,35.0
6551,35.0
6552,35.0
6553,35.0
6554,35.0
6555,35.0
6556,35.0
6557,35.0
6558,35.0
6559,35.0
6560,35.0
6561,35.0
6562,35.0
6563,35.0
6564,35.0
6565,35.0
6566,35.0
6567,35.0
6568,35.0
6569,35.0
6570,35.0
6571,35.0
6572,35.0
6573,35.0
6574,35.0
6575,35.0
6576,35.0
6577,35.0
6578,35.0
6579,35.0
6580,35.0
6581,35.0
6582,35.0
6583,35.0
6584,35.0
6585,35.0
6586,35.0
6587,35.0
6588,35.0
6589,35.0
6590,35.0
6591,35.0
6592,35.0
6593,35.0
6594,35.0
6595,35.0
6596,35.0
6597,35.0
6598,35.0
6599,35.0
6600,35.0
6601,35.0
6602,35.0
6603,35.0
6604,35.0
6605,35.0
6606,35.0
6607,35.0
6608,35.0
6609,35.0
6610,35.0
6611,35.0
6612,35.0
6613,35.0
6614,35.0
6615,35.0
6616,35.0
6617,35.0
6618,35.0
6619,35.0
6620,35.0
6621,35.0
6622,35.0
6623,35.0
6624,35.0
6625,35.0
6626,35.0
6627,35.0
6628,35.0
6629,35.0
6630,35.0
6631,35.0
6632,35.0
6633,35.0
6634,35.0
6635,35.0
6636,35.0
6637,35.0
6638,35.0
6639,35.0
6640,35.0
6641,35.0
6642,35.0
6643,35.0
6644,35.0
6645,35.0
6646,35.0
6647,35.0
6648,35.0
6649,35.0
6650,35.0
6651,35.0
6652,35.0
6653,35.0
6654,35.0
6655,35.0
6656,35.0
6657,35.0
6658,35.0
6659,35.0
6660,35.0
6661,35.0
6662,35.0
6663,35.0
6664,35.0
6665,35.0
6666,35.0
6667,35.0
6668,35.0
6669,35.0
6670,35.0
6671,35.0
6672,35.0
6673,35.0
6674,35.0
6675,35.0
6676,35.0
6677,35.0
6678,35.0
6679,35.0
6680,35.0
6681,35.0
6682,35.0
6683,35.0
6684,35.0
6685,35.0
6686,35.0
6687,35.0
6688,35.0
6689,35.0
6690,35.0
6691,35.0
6692,35.0
6693,35.0
6694,35.0
6695,35.0
6696,35.0
6697,35.0
6698,35.0
6699,35.0
6700,35.0
6701,35.0
6702,35.0
6703,35.0
6704,35.0
6705,35.0
6706,30.0
6707,35.0
6708,35.0
6709,35.0
6710,35.0
6711,35.0
6712,35.0
6713,35.0
6714,35.0
6715,35.0
6716,35.0
6717,35.0
6718,35.0
6719,35.0
6720,35.0
6721,35.0
6722,35.0
6723,35.0
6724,35.0
6725,35.0
6726,35.0
6727,35.0
6728,35.0
6729,35.0
6730,35.0
6731,35.0
6732,35.0
6733,35.0
6734,35.0
6735,35.0
6736,35.0
6737,35.0
6738,35.0
6739,35.0
6740,35.0
6741,35.0
6742,35.0
6743,35.0
6744,35.0
6745,35.0
6746,35.0
6747,35.0
6748,35.0
6749,35.0
6750,35.0
6751,35.0
6752,35.0
6753,35.0
6754,35.0
6755,35.0
6756,35.0
6757,35.0
6758,35.0
6759,35.0
6760,35.0
6761,35.0
6762,35.0
6763,35.0
6764,35.0
6765,35.0
6766,35.0
6767,35.0
6768,35.0
6769,35.0
6770,35.0
6771,35.0
6772,35.0
6773,35.0
6774,35.0
6775,35.0
6776,35.0
6777,35.0
6778,35.0
6779,35.0
6780,35.0
6781,35.0
6782,35.0
6783,35.0
6784,35.0
6785,35.0
6786,35.0
6787,35.0
6788,35.0
6789,35.0
6790,35.0
6791,35.0
6792,35.0
6793,35.0
6794,35.0
6795,35.0
6796,35.0
6797,35.0
6798,35.0
6799,35.0
6800,35.0
6801,35.0
6802,35.0
6803,35.0
6804,35.0
6805,35.0
6806,35.0
6807,35.0
6808,35.0
6809,35.0
6810,35.0
6811,35.0
6812,35.0
6813,35.0
6814,35.0
6815,35.0
6816,35.0
6817,35.0
6818,35.0
6819,35.0
6820,35.0
6821,35.0
6822,35.0
6823,35.0
6824,35.0
6825,35.0
6826,35.0
6827,35.0
6828,35.0
6829,35.0
6830,35.0
6831,35.0
6832,35.0
6833,35.0
6834,35.0
6835,35.0
6836,35.0
6837,35.0
6838,35.0
6839,35.0
6840,35.0
6841,35.0
6842,35.0
6843,35.0
6844,35.0
6845,35.0
6846,35.0
6847,35.0
6848,35.0
6849,35.0
6850,35.0
6851,35.0
6852,35.0
6853,35.0
6854,35.0
6855,35.0
6856,35.0
6857,35.0
6858,35.0
6859,35.0
6860,35.0
6861,35.0
6862,35.0
6863,35.0
6864,35.0
6865,35.0
6866,35.0
6867,35.0
6868,35.0
6869,35.0
6870,35.0
6871,35.0
6872,35.0
6873,35.0
6874,35.0
6875,35.0
6876,35.0
6877,35.0
6878,35.0
6879,35.0
6880,35.0
6881,35.0
6882,35.0
6883,35.0
6884,35.0
6885,35.0
6886,35.0
6887,35.0
6888,35.0
6889,35.0
6890,35.0
6891,35.0
6892,35.0
6893,35.0
6894,35.0
6895,35.0
6896,35.0
6897,35.0
6898,35.0
6899,35.0
6900,35.0
6901,35.0
6902,35.0
6903,35.0
6904,35.0
6905,35.0
6906,35.0
6907,35.0
6908,35.0
6909,35.0
6910,35.0
6911,35.0
6912,35.0
6913,35.0
6914,35.0
6915,35.0
6916,35.0
6917,35.0
6918,35.0
6919,35.0
6920,35.0
6921,35.0
6922,35.0
6923,35.0
6924,35.0
6925,35.0
6926,35.0
6927,35.0
6928,35.0
6929,35.0
6930,35.0
6931,35.0
6932,35.0
6933,35.0
6934,35.0
6935,35.0
6936,35.0
6937,35.0
6938,35.0
6939,35.0
6940,35.0
6941,35.0
6942,35.0
6943,35.0
6944,35.0
6945,35.0
6946,35.0
6947,35.0
6948,35.0
6949,35.0
6950,35.0
6951,35.0
6952,35.0
6953,35.0
6954,30.0
6955,30.0
6956,30.0
6957,25.0
6958,28.0
6959,35.0
6960,30.0
6961,35.0
6962,35.0
6963,35.0
6964,35.0
6965,35.0
6966,35.0
6967,35.0
6968,35.0
6969,35.0
6970,35.0
6971,35.0
6972,35.0
6973,35.0
6974,35.0
6975,35.0
6976,35.0
6977,35.0
6978,35.0
6979,35.0
6980,35.0
6981,35.0
6982,35.0
6983,35.0
6984,35.0
6985,35.0
6986,35.0
6987,35.0
6988,35.0
6989,35.0
6990,35.0
6991,35.0
6992,35.0
6993,35.0
6994,35.0
6995,35.0
6996,35.0
6997,35.0
6998,35.0
6999,35.0
7000,35.0
7001,35.0
7002,35.0
7003,35.0
7004,35.0
7005,35.0
7006,35.0
7007,35.0
7008,35.0
7009,35.0
7010,35.0
7011,35.0
7012,35.0
7013,35.0
7014,35.0
7015,35.0
7016,35.0
7017,35.0
7018,35.0
7019,35.0
7020,35.0
7021,35.0
7022,35.0
7023,35.0
7024,35.0
7025,35.0
7026,35.0
7027,35.0
7028,35.0
7029,35.0
7030,35.0
7031,35.0
7032,35.0
7033,35.0
7034,35.0
7035,35.0
7036,35.0
7037,35.0
7038,35.0
7039,35.0
7040,35.0
7041,35.0
7042,35.0
7043,35.0
7044,35.0
7045,35.0
7046,35.0
7047,35.0
7048,35.0
7049,35.0
7050,35.0
7051,35.0
7052,35.0
7053,35.0
7054,35.0
7055,35.0
7056,35.0
7057,35.0
7058,35.0
7059,35.0
7060,35.0
7061,35.0
7062,35.0
7063,35.0
7064,35.0
7065,35.0
7066,35.0
7067,35.0
7068,35.0
7069,35.0
7070,35.0
7071,35.0
7072,35.0
7073,35.0
7074,35.0
7075,35.0
7076,35.0
7077,35.0
7078,35.0
7079,35.0
7080,35.0
7081,35.0
7082,35.0
7083,35.0
7084,35.0
7085,35.0
7086,35.0
7087,35.0
7088,35.0
7089,35.0
7090,35.0
7091,35.0
7092,35.0
7093,35.0
7094,35.0
7095,35.0
7096,35.0
7097,35.0
7098,35.0
7099,35.0
7100,35.0
7101,35.0
7102,35.0
7103,35.0
7104,35.0
7105,35.0
7106,35.0
7107,35.0
7108,35.0
7109,35.0
7110,35.0
7111,35.0
7112,35.0
7113,35.0
7114,35.0
7115,35.0
7116,35.0
7117,35.0
7118,35.0
7119,35.0
7120,35.0
7121,35.0
7122,35.0
7123,35.0
7124,30.0
7125,25.0
7126,33.0
7127,35.0
7128,30.0
7129,35.0
7130,35.0
7131,35.0
7132,35.0
7133,35.0
7134,35.0
7135,35.0
7136,35.0
7137,35.0
7138,35.0
7139,35.0
7140,35.0
7141,35.0
7142,35.0
7143,35.0
7144,35.0
7145,35.0
7146,35.0
7147,35.0
7148,35.0
7149,35.0
7150,35.0
7151,35.0
7152,35.0
7153,35.0
7154,35.0
7155,35.0
7156,35.0
7157,35.0
7158,35.0
7159,35.0
7160,35.0
7161,35.0
7162,35.0
7163,35.0
7164,35.0
7165,35.0
7166,35.0
7167,35.0
7168,35.0
7169,35.0
7170,35.0
7171,35.0
7172,35.0
7173,35.0
7174,35.0
7175,35.0
7176,35.0
7177,35.0
7178,35.0
7179,35.0
7180,35.0
7181,35.0
7182,35.0
7183,35.0
7184,35.0
7185,35.0
7186,35.0
7187,35.0
7188,35.0
7189,35.0
7190,35.0
7191,35.0
7192,35.0
7193,35.0
7194,35.0
7195,35.0
7196,35.0
7197,35.0
7198,35.0
7199,35.0
7200,35.0
7201,35.0
7202,35.0
7203,35.0
7204,35.0
7205,35.0
7206,35.0
7207,35.0
7208,35.0
7209,35.0
7210,35.0
7211,35.0
7212,35.0
7213,35.0
7214,35.0
7215,35.0
7216,35.0
7217,35.0
7218,35.0
7219,35.0
7220,35.0
7221,35.0
7222,35.0
7223,35.0
7224,35.0
7225,35.0
7226,35.0
7227,35.0
7228,35.0
7229,35.0
7230,35.0
7231,35.0
7232,35.0
7233,35.0
7234,35.0
7235,35.0
7236,35.0
7237,35.0
7238,35.0
7239,35.0
7240,35.0
7241,35.0
7242,35.0
7243,35.0
7244,35.0
7245,35.0
7246,35.0
7247,35.0
7248,35.0
7249,35.0
7250,35.0
7251,35.0
7252,35.0
7253,35.0
7254,35.0
7255,35.0
7256,35.0
7257,35.0
7258,35.0
7259,35.0
7260,35.0
7261,35.0
7262,35.0
7263,35.0
7264,35.0
7265,35.0
7266,35.0
7267,35.0
7268,35.0
7269,35.0
7270,35.0
7271,35.0
7272,35.0
7273,35.0
7274,35.0
7275,35.0
7276,35.0
7277,35.0
7278,35.0
7279,35.0
7280,35.0
7281,35.0
7282,35.0
7283,35.0
7284,35.0
7285,35.0
7286,35.0
7287,35.0
7288,35.0
7289,35.0
7290,35.0
7291,35.0
7292,35.0
7293,35.0
7294,35.0
7295,35.0
7296,35.0
7297,35.0
7298,35.0
7299,35.0
7300,35.0
7301,35.0
7302,35.0
7303,35.0
7304,35.0
7305,35.0
7306,35.0
7307,35.0
7308,35.0
7309,35.0
7310,35.0
7311,35.0
7312,35.0
7313,35.0
7314,35.0
7315,35.0
7316,35.0
7317,35.0
7318,35.0
7319,35.0
7320,35.0
7321,35.0
7322,35.0
7323,35.0
7324,35.0
7325,35.0
7326,35.0
7327,35.0
7328,35.0
7329,35.0
7330,35.0
7331,35.0
7332,35.0
7333,35.0
7334,35.0
7335,35.0
7336,35.0
7337,35.0
7338,35.0
7339,35.0
7340,35.0
7341,35.0
7342,35.0
7343,35.0
7344,35.0
7345,35.0
7346,35.0
7347,35.0
7348,35.0
7349,30.0
7350,34.0
7351,30.0
7352,35.0
7353,35.0
7354,35.0
7355,35.0
7356,35.0
7357,35.0
7358,35.0
7359,35.0
7360,35.0
7361,35.0
7362,35.0
7363,35.0
7364,35.0
7365,35.0
7366,35.0
7367,35.0
7368,35.0
7369,35.0
7370,35.0
7371,35.0
7372,35.0
7373,35.0
7374,35.0
7375,35.0
7376,35.0
7377,35.0
7378,35.0
7379,35.0
7380,35.0
7381,35.0
7382,35.0
7383,35.0
7384,35.0
7385,35.0
7386,35.0
7387,35.0
7388,35.0
7389,35.0
7390,35.0
7391,35.0
7392,35.0
7393,35.0
7394,35.0
7395,35.0
7396,35.0
7397,35.0
7398,35.0
7399,35.0
7400,35.0
7401,35.0
7402,35.0
7403,35.0
7404,35.0
7405,35.0
7406,35.0
7407,35.0
7408,35.0
7409,35.0
7410,35.0
7411,35.0
7412,35.0
7413,35.0
7414,35.0
7415,35.0
7416,35.0
7417,35.0
7418,35.0
7419,35.0
7420,35.0
7421,35.0
7422,35.0
7423,35.0
7424,35.0
7425,35.0
7426,35.0
7427,35.0
7428,35.0
7429,35.0
7430,35.0
7431,35.0
7432,35.0
7433,35.0
7434,35.0
7435,35.0
7436,35.0
7437,35.0
7438,35.0
7439,35.0
7440,35.0
7441,35.0
7442,35.0
7443,35.0
7444,35.0
7445,35.0
7446,35.0
7447,35.0
7448,35.0
7449,35.0
7450,35.0
7451,35.0
7452,35.0
7453,35.0
7454,35.0
7455,35.0
7456,35.0
7457,35.0
7458,35.0
7459,35.0
7460,35.0
7461,35.0
7462,35.0
7463,35.0
7464,35.0
7465,35.0
7466,35.0
7467,35.0
7468,35.0
7469,35.0
7470,35.0
7471,35.0
7472,35.0
7473,35.0
7474,35.0
7475,35.0
7476,35.0
7477,35.0
7478,35.0
7479,35.0
7480,35.0
7481,35.0
7482,35.0
7483,35.0
7484,35.0
7485,35.0
7486,35.0
7487,35.0
7488,35.0
7489,35.0
7490,35.0
7491,35.0
7492,35.0
7493,35.0
7494,35.0
7495,35.0
7496,35.0
7497,35.0
7498,35.0
7499,35.0
7500,35.0
7501,35.0
7502,35.0
7503,35.0
7504,35.0
7505,35.0
7506,35.0
7507,35.0
7508,35.0
7509,35.0
7510,35.0
7511,35.0
7512,35.0
7513,35.0
7514,35.0
7515,35.0
7516,35.0
7517,35.0
7518,35.0
7519,35.0
7520,35.0
7521,35.0
7522,35.0
7523,35.0
7524,35.0
7525,35.0
7526,35.0
7527,35.0
7528,35.0
7529,35.0
7530,35.0
7531,35.0
7532,35.0
7533,35.0
7534,35.0
7535,35.0
7536,35.0
7537,35.0
7538,35.0
7539,35.0
7540,35.0
7541,35.0
7542,35.0
7543,35.0
7544,35.0
7545,35.0
7546,35.0
7547,35.0
7548,35.0
7549,35.0
7550,35.0
7551,35.0
7552,35.0
7553,35.0
7554,35.0
7555,35.0
7556,35.0
7557,35.0
7558,35.0
7559,35.0
7560,35.0
7561,35.0
7562,35.0
7563,35.0
7564,35.0
7565,35.0
7566,35.0
7567,35.0
7568,35.0
7569,35.0
7570,35.0
7571,35.0
7572,35.0
7573,35.0
7574,35.0
7575,35.0
7576,35.0
7577,35.0
7578,35.0
7579,35.0
7580,35.0
7581,35.0
7582,35.0
7583,35.0
7584,35.0
7585,35.0
7586,35.0
7587,35.0
7588,35.0
7589,35.0
7590,35.0
7591,35.0
7592,35.0
7593,35.0
7594,35.0
7595,35.0
7596,35.0
7597,35.0
7598,35.0
7599,35.0
7600,35.0
7601,35.0
7602,35.0
7603,35.0
7604,35.0
7605,35.0
7606,35.0
7607,35.0
7608,35.0
7609,35.0
7610,35.0
7611,35.0
7612,35.0
7613,35.0
7614,35.0
7615,35.0
7616,35.0
7617,35.0
7618,35.0
7619,35.0
7620,35.0
7621,35.0
7622,35.0
7623,35.0
7624,35.0
7625,35.0
7626,35.0
7627,35.0
7628,35.0
7629,35.0
7630,35.0
7631,35.0
7632,35.0
7633,35.0
7634,35.0
7635,35.0
7636,35.0
7637,35.0
7638,35.0
7639,35.0
7640,35.0
7641,35.0
7642,35.0
7643,35.0
7644,35.0
7645,35.0
7646,35.0
7647,35.0
7648,35.0
7649,35.0
7650,35.0
7651,35.0
7652,35.0
7653,35.0
7654,35.0
7655,35.0
7656,35.0
7657,35.0
7658,35.0
7659,35.0
7660,35.0
7661,35.0
7662,35.0
7663,35.0
7664,35.0
7665,35.0
7666,35.0
7667,35.0
7668,35.0
7669,35.0
7670,35.0
7671,35.0
7672,35.0
7673,35.0
7674,35.0
7675,35.0
7676,35.0
7677,35.0
7678,35.0
7679,35.0
7680,35.0
7681,35.0
7682,35.0
7683,35.0
7684,35.0
7685,35.0
7686,35.0
7687,35.0
7688,35.0
7689,35.0
7690,35.0
7691,35.0
7692,35.0
7693,35.0
7694,35.0
7695,35.0
7696,35.0
7697,35.0
7698,35.0
7699,35.0
7700,35.0
7701,35.0
7702,35.0
7703,35.0
7704,35.0
7705,35.0
7706,35.0
7707,35.0
7708,35.0
7709,35.0
7710,35.0
7711,35.0
7712,35.0
7713,35.0
7714,35.0
7715,35.0
7716,35.0
7717,35.0
7718,35.0
7719,35.0
7720,35.0
7721,35.0
7722,35.0
7723,35.0
7724,35.0
7725,35.0
7726,35.0
7727,35.0
7728,35.0
7729,35.0
7730,35.0
7731,35.0
7732,35.0
7733,35.0
7734,35.0
7735,35.0
7736,35.0
7737,35.0
7738,35.0
7739,35.0
7740,35.0
7741,35.0
7742,35.0
7743,35.0
7744,35.0
7745,35.0
7746,35.0
7747,35.0
7748,35.0
7749,35.0
7750,35.0
7751,35.0
7752,35.0
7753,35.0
7754,35.0
7755,35.0
7756,35.0
7757,35.0
7758,35.0
7759,35.0
7760,35.0
7761,35.0
7762,35.0
7763,35.0
7764,35.0
7765,35.0
7766,35.0
7767,35.0
7768,35.0
7769,35.0
7770,35.0
7771,35.0
7772,35.0
7773,35.0
7774,35.0
7775,35.0
7776,35.0
7777,35.0
7778,35.0
7779,35.0
7780,35.0
7781,35.0
7782,35.0
7783,35.0
7784,30.0
7785,30.0
7786,30.0
7787,35.0
7788,30.0
7789,35.0
7790,35.0
7791,25.0
7792,28.0
7793,35.0
7794,35.0
7795,35.0
7796,35.0
7797,35.0
7798,35.0
7799,35.0
7800,35.0
7801,35.0
7802,35.0
7803,35.0
7804,35.0
7805,35.0
7806,35.0
7807,35.0
7808,35.0
7809,35.0
7810,35.0
7811,35.0
7812,35.0
7813,35.0
7814,35.0
7815,35.0
7816,35.0
7817,35.0
7818,35.0
7819,35.0
7820,35.0
7821,35.0
7822,35.0
7823,35.0
7824,35.0
7825,30.0
7826,28.0
7827,30.0
7828,35.0
7829,35.0
7830,35.0
7831,35.0
7832,35.0
7833,35.0
7834,35.0
7835,35.0
7836,35.0
7837,35.0
7838,35.0
7839,35.0
7840,35.0
7841,35.0
7842,35.0
7843,35.0
7844,35.0
7845,35.0
7846,35.0
7847,35.0
7848,35.0
7849,35.0
7850,35.0
7851,35.0
7852,35.0
7853,35.0
7854,35.0
7855,35.0
7856,35.0
7857,35.0
7858,35.0
7859,35.0
7860,35.0
7861,35.0
7862,35.0
7863,35.0
7864,35.0
7865,35.0
7866,35.0
7867,35.0
7868,35.0
7869,35.0
7870,35.0
7871,35.0
7872,35.0
7873,35.0
7874,35.0
7875,35.0
7876,35.0
7877,35.0
7878,35.0
7879,35.0
7880,35.0
7881,35.0
7882,35.0
7883,35.0
7884,35.0
7885,35.0
7886,35.0
7887,35.0
7888,35.0
7889,35.0
7890,35.0
7891,35.0
7892,35.0
7893,35.0
7894,35.0
7895,35.0
7896,35.0
7897,35.0
7898,35.0
7899,35.0
7900,35.0
7901,35.0
7902,35.0
7903,35.0
7904,35.0
7905,35.0
7906,35.0
7907,35.0
7908,35.0
7909,35.0
7910,35.0
7911,35.0
7912,35.0
7913,35.0
7914,35.0
7915,35.0
7916,35.0
7917,30.0
7918,30.0
7919,30.0
7920,30.0
7921,30.0
7922,30.0
7923,30.0
7924,35.0
7925,30.0
7926,35.0
7927,35.0
7928,35.0
7929,35.0
7930,35.0
7931,35.0
7932,35.0
7933,35.0
7934,35.0
7935,35.0
7936,35.0
7937,35.0
7938,35.0
7939,35.0
7940,35.0
7941,35.0
7942,35.0
7943,35.0
7944,35.0
7945,35.0
7946,35.0
7947,35.0
7948,35.0
7949,35.0
7950,35.0
7951,35.0
7952,35.0
7953,35.0
7954,35.0
7955,35.0
7956,35.0
7957,35.0
7958,35.0
7959,35.0
7960,35.0
7961,35.0
7962,35.0
7963,35.0
7964,35.0
7965,35.0
7966,35.0
7967,35.0
7968,35.0
7969,35.0
7970,35.0
7971,35.0
7972,35.0
7973,35.0
7974,35.0
7975,35.0
7976,35.0
7977,35.0
7978,35.0
7979,35.0
7980,35.0
7981,35.0
7982,35.0
7983,35.0
7984,35.0
7985,35.0
7986,35.0
7987,35.0
7988,35.0
7989,35.0
7990,35.0
7991,35.0
7992,35.0
7993,35.0
7994,35.0
7995,35.0
7996,35.0
7997,35.0
7998,35.0
7999,35.0
8000,35.0
8001,35.0
8002,35.0
8003,35.0
8004,35.0
8005,35.0
8006,35.0
8007,35.0
8008,35.0
8009,35.0
8010,35.0
8011,35.0
8012,35.0
8013,35.0
8014,35.0
8015,35.0
8016,35.0
8017,35.0
8018,35.0
8019,35.0
8020,35.0
8021,35.0
8022,35.0
8023,35.0
8024,35.0
8025,35.0
8026,35.0
8027,35.0
8028,35.0
8029,35.0
8030,35.0
8031,35.0
8032,35.0
8033,35.0
8034,35.0
8035,35.0
8036,35.0
8037,35.0
8038,35.0
8039,35.0
8040,35.0
8041,35.0
8042,35.0
8043,35.0
8044,35.0
8045,35.0
8046,35.0
8047,35.0
8048,35.0
8049,35.0
8050,35.0
8051,35.0
8052,35.0
8053,35.0
8054,35.0
8055,35.0
8056,35.0
8057,35.0
8058,35.0
8059,35.0
8060,35.0
8061,35.0
8062,35.0
8063,35.0
8064,35.0
8065,35.0
8066,35.0
8067,35.0
8068,35.0
8069,35.0
8070,35.0
8071,35.0
8072,35.0
8073,35.0
8074,35.0
8075,35.0
8076,35.0
8077,35.0
8078,35.0
8079,35.0
8080,35.0
8081,35.0
8082,35.0
8083,35.0
8084,35.0
8085,35.0
8086,35.0
8087,35.0
8088,35.0
8089,35.0
8090,35.0
8091,35.0
8092,35.0
8093,35.0
8094,35.0
8095,35.0
8096,35.0
8097,35.0
8098,35.0
8099,35.0
8100,35.0
8101,35.0
8102,35.0
8103,35.0
8104,35.0
8105,35.0
8106,35.0
8107,35.0
8108,35.0
8109,35.0
8110,35.0
8111,35.0
8112,35.0
8113,35.0
8114,35.0
8115,35.0
8116,35.0
8117,35.0
8118,35.0
8119,35.0
8120,35.0
8121,35.0
8122,35.0
8123,35.0
8124,35.0
8125,35.0
8126,35.0
8127,35.0
8128,35.0
8129,35.0
8130,35.0
8131,35.0
8132,35.0
8133,35.0
8134,35.0
8135,35.0
8136,35.0
8137,35.0
8138,35.0
8139,35.0
8140,35.0
8141,35.0
8142,35.0
8143,35.0
8144,35.0
8145,35.0
8146,35.0
8147,35.0
8148,35.0
8149,35.0
8150,35.0
8151,35.0
8152,35.0
8153,35.0
8154,35.0
8155,35.0
8156,35.0
8157,35.0
8158,35.0
8159,35.0
8160,35.0
8161,30.0
8162,35.0
8163,35.0
8164,35.0
8165,35.0
8166,35.0
8167,35.0
8168,35.0
8169,35.0
8170,35.0
8171,35.0
8172,35.0
8173,35.0
8174,35.0
8175,35.0
8176,35.0
8177,35.0
8178,35.0
8179,35.0
8180,35.0
8181,35.0
8182,35.0
8183,35.0
8184,35.0
8185,35.0
8186,35.0
8187,35.0
8188,35.0
8189,35.0
8190,35.0
8191,35.0
8192,35.0
8193,35.0
8194,35.0
8195,35.0
8196,35.0
8197,35.0
8198,35.0
8199,35.0
8200,35.0
8201,35.0
8202,35.0
8203,35.0
8204,35.0
8205,35.0
8206,35.0
8207,35.0
8208,35.0
8209,35.0
8210,35.0
8211,35.0
8212,35.0
8213,35.0
8214,35.0
8215,35.0
8216,35.0
8217,35.0
8218,35.0
8219,35.0
8220,35.0
8221,35.0
8222,35.0
8223,35.0
8224,35.0
8225,35.0
8226,35.0
8227,35.0
8228,35.0
8229,35.0
8230,35.0
8231,35.0
8232,35.0
8233,35.0
8234,35.0
8235,35.0
8236,35.0
8237,35.0
8238,35.0
8239,35.0
8240,35.0
8241,35.0
8242,35.0
8243,35.0
8244,35.0
8245,35.0
8246,35.0
8247,35.0
8248,35.0
8249,35.0
8250,35.0
8251,35.0
8252,35.0
8253,35.0
8254,35.0
8255,35.0
8256,35.0
8257,35.0
8258,35.0
8259,35.0
8260,35.0
8261,35.0
8262,35.0
8263,35.0
8264,35.0
8265,35.0
8266,35.0
8267,35.0
8268,35.0
8269,35.0
8270,35.0
8271,35.0
8272,35.0
8273,35.0
8274,35.0
8275,35.0
8276,35.0
8277,35.0
8278,35.0
8279,35.0
8280,35.0
8281,35.0
8282,35.0
8283,35.0
8284,35.0
8285,35.0
8286,35.0
8287,35.0
8288,35.0
8289,35.0
8290,35.0
8291,35.0
8292,35.0
8293,35.0
8294,35.0
8295,35.0
8296,35.0
8297,35.0
8298,35.0
8299,35.0
8300,35.0
8301,35.0
8302,35.0
8303,35.0
8304,35.0
8305,35.0
8306,35.0
8307,35.0
8308,35.0
8309,35.0
8310,35.0
8311,35.0
8312,35.0
8313,35.0
8314,35.0
8315,35.0
8316,35.0
8317,35.0
8318,35.0
8319,35.0
8320,35.0
8321,35.0
8322,35.0
8323,35.0
8324,35.0
8325,35.0
8326,35.0
8327,35.0
8328,35.0
8329,35.0
8330,35.0
8331,35.0
8332,35.0
8333,35.0
8334,35.0
8335,35.0
8336,35.0
8337,35.0
8338,35.0
8339,35.0
8340,35.0
8341,35.0
8342,35.0
8343,35.0
8344,35.0
8345,35.0
8346,35.0
8347,35.0
8348,35.0
8349,35.0
8350,35.0
8351,35.0
8352,35.0
8353,35.0
8354,35.0
8355,35.0
8356,35.0
8357,30.0
8358,35.0
8359,35.0
8360,35.0
8361,35.0
8362,35.0
8363,35.0
8364,35.0
8365,35.0
8366,35.0
8367,35.0
8368,35.0
8369,35.0
8370,35.0
8371,35.0
8372,35.0
8373,35.0
8374,35.0
8375,35.0
8376,35.0
8377,35.0
8378,35.0
8379,35.0
8380,35.0
8381,35.0
8382,35.0
8383,35.0
8384,35.0
8385,35.0
8386,35.0
8387,35.0
8388,35.0
8389,35.0
8390,35.0
8391,35.0
8392,35.0
8393,35.0
8394,35.0
8395,35.0
8396,35.0
8397,35.0
8398,35.0
8399,35.0
8400,35.0
8401,35.0
8402,35.0
8403,35.0
8404,35.0
8405,35.0
8406,35.0
8407,35.0
8408,35.0
8409,35.0
8410,35.0
8411,35.0
8412,35.0
8413,35.0
8414,35.0
8415,35.0
8416,35.0
8417,35.0
8418,35.0
8419,35.0
8420,35.0
8421,35.0
8422,35.0
8423,35.0
8424,35.0
8425,35.0
8426,35.0
8427,30.0
8428,35.0
8429,35.0
8430,35.0
8431,35.0
8432,35.0
8433,35.0
8434,35.0
8435,35.0
8436,35.0
8437,35.0
8438,35.0
8439,35.0
8440,35.0
8441,35.0
8442,35.0
8443,35.0
8444,35.0
8445,35.0
8446,35.0
8447,35.0
8448,35.0
8449,35.0
8450,35.0
8451,35.0
8452,35.0
8453,35.0
8454,35.0
8455,35.0
8456,35.0
8457,35.0
8458,35.0
8459,35.0
8460,35.0
8461,35.0
8462,35.0
8463,35.0
8464,35.0
8465,35.0
8466,35.0
8467,35.0
8468,35.0
8469,35.0
8470,35.0
8471,35.0
8472,35.0
8473,35.0
8474,35.0
8475,35.0
8476,35.0
8477,35.0
8478,35.0
8479,35.0
8480,35.0
8481,35.0
8482,35.0
8483,35.0
8484,35.0
8485,35.0
8486,35.0
8487,35.0
8488,35.0
8489,35.0
8490,35.0
8491,35.0
8492,35.0
8493,35.0
8494,35.0
8495,35.0
8496,35.0
8497,35.0
8498,35.0
8499,35.0
8500,35.0
8501,35.0
8502,35.0
8503,35.0
8504,35.0
8505,35.0
8506,35.0
8507,35.0
8508,35.0
8509,35.0
8510,35.0
8511,35.0
8512,35.0
8513,35.0
8514,35.0
8515,35.0
8516,35.0
8517,35.0
8518,35.0
8519,35.0
8520,35.0
8521,35.0
8522,35.0
8523,35.0
8524,35.0
8525,35.0
8526,35.0
8527,35.0
8528,35.0
8529,35.0
8530,35.0
8531,35.0
8532,35.0
8533,35.0
8534,35.0
8535,35.0
8536,35.0
8537,35.0
8538,35.0
8539,35.0
8540,35.0
8541,35.0
8542,35.0
8543,35.0
8544,35.0
8545,35.0
8546,35.0
8547,35.0
8548,35.0
8549,35.0
8550,35.0
8551,35.0
8552,35.0
8553,35.0
8554,35.0
8555,35.0
8556,35.0
8557,35.0
8558,35.0
8559,35.0
8560,35.0
8561,35.0
8562,35.0
8563,35.0
8564,35.0
8565,35.0
8566,35.0
8567,35.0
8568,35.0
8569,35.0
8570,35.0
8571,35.0
8572,35.0
8573,35.0
8574,35.0
8575,35.0
8576,35.0
8577,35.0
8578,35.0
8579,35.0
8580,35.0
8581,35.0
8582,35.0
8583,35.0
8584,35.0
8585,35.0
8586,35.0
8587,35.0
8588,35.0
8589,35.0
8590,35.0
8591,35.0
8592,35.0
8593,35.0
8594,30.0
8595,35.0
8596,35.0
8597,35.0
8598,35.0
8599,35.0
8600,35.0
8601,35.0
8602,35.0
8603,35.0
8604,35.0
8605,35.0
8606,35.0
8607,35.0
8608,35.0
8609,35.0
8610,35.0
8611,35.0
8612,35.0
8613,35.0
8614,35.0
8615,35.0
8616,35.0
8617,35.0
8618,35.0
8619,35.0
8620,35.0
8621,35.0
8622,35.0
8623,35.0
8624,35.0
8625,35.0
8626,35.0
8627,35.0
8628,35.0
8629,35.0
8630,35.0
8631,35.0
8632,35.0
8633,35.0
8634,35.0
8635,35.0
8636,35.0
8637,35.0
8638,35.0
8639,35.0
8640,35.0
8641,35.0
8642,35.0
8643,35.0
8644,35.0
8645,35.0
8646,35.0
8647,35.0
8648,35.0
8649,35.0
8650,35.0
8651,35.0
8652,35.0
8653,35.0
8654,35.0
8655,35.0
8656,35.0
8657,35.0
8658,35.0
8659,35.0
8660,35.0
8661,35.0
8662,35.0
8663,35.0
8664,35.0
8665,35.0
8666,35.0
8667,35.0
8668,35.0
8669,35.0
8670,35.0
8671,35.0
8672,35.0
8673,35.0
8674,35.0
8675,35.0
8676,35.0
8677,35.0
8678,35.0
8679,35.0
8680,35.0
8681,35.0
8682,35.0
8683,35.0
8684,35.0
8685,35.0
8686,35.0
8687,35.0
8688,35.0
8689,35.0
8690,35.0
8691,35.0
8692,35.0
8693,35.0
8694,35.0
8695,35.0
8696,35.0
8697,35.0
8698,35.0
8699,35.0
8700,35.0
8701,35.0
8702,35.0
8703,35.0
8704,35.0
8705,35.0
8706,35.0
8707,35.0
8708,35.0
8709,35.0
8710,35.0
8711,35.0
8712,35.0
8713,35.0
8714,35.0
8715,35.0
8716,35.0
8717,35.0
8718,35.0
8719,35.0
8720,35.0
8721,35.0
8722,35.0
8723,35.0
8724,35.0
8725,35.0
8726,35.0
8727,35.0
8728,35.0
8729,35.0
8730,35.0
8731,35.0
8732,35.0
8733,35.0
8734,35.0
8735,35.0
8736,35.0
8737,35.0
8738,35.0
8739,35.0
8740,35.0
8741,35.0
8742,35.0
8743,35.0
8744,35.0
8745,35.0
8746,35.0
8747,35.0
8748,35.0
8749,35.0
8750,35.0
8751,35.0
8752,35.0
8753,35.0
8754,35.0
8755,35.0
8756,35.0
8757,35.0
8758,35.0
8759,35.0
8760,35.0
8761,35.0
8762,35.0
8763,35.0
8764,35.0
8765,35.0
8766,35.0
8767,35.0
8768,35.0
8769,35.0
8770,35.0
8771,35.0
8772,35.0
8773,35.0
8774,35.0
8775,35.0
8776,35.0
8777,35.0
8778,35.0
8779,35.0
8780,35.0
8781,35.0
8782,35.0
8783,35.0
8784,35.0
8785,35.0
8786,35.0
8787,35.0
8788,35.0
8789,35.0
8790,35.0
8791,35.0
8792,35.0
8793,35.0
8794,35.0
8795,35.0
8796,35.0
8797,35.0
8798,35.0
8799,35.0
8800,35.0
8801,35.0
8802,35.0
8803,35.0
8804,35.0
8805,35.0
8806,35.0
8807,35.0
8808,35.0
8809,35.0
8810,35.0
8811,35.0
8812,35.0
8813,35.0
8814,35.0
8815,35.0
8816,35.0
8817,35.0
8818,35.0
8819,35.0
8820,35.0
8821,35.0
8822,35.0
8823,35.0
8824,35.0
8825,35.0
8826,35.0
8827,35.0
8828,35.0
8829,35.0
8830,35.0
8831,35.0
8832,35.0
8833,35.0
8834,35.0
8835,35.0
8836,35.0
8837,35.0
8838,35.0
8839,35.0
8840,35.0
8841,35.0
8842,35.0
8843,35.0
8844,35.0
8845,35.0
8846,35.0
8847,35.0
8848,35.0
8849,35.0
8850,35.0
8851,35.0
8852,35.0
8853,35.0
8854,35.0
8855,35.0
8856,35.0
8857,35.0
8858,35.0
8859,35.0
8860,35.0
8861,35.0
8862,35.0
8863,35.0
8864,35.0
8865,35.0
8866,35.0
8867,35.0
8868,35.0
8869,35.0
8870,35.0
8871,35.0
8872,35.0
8873,35.0
8874,35.0
8875,35.0
8876,35.0
8877,35.0
8878,35.0
8879,35.0
8880,35.0
8881,35.0
8882,35.0
8883,35.0
8884,35.0
8885,35.0
8886,35.0
8887,35.0
8888,35.0
8889,35.0
8890,35.0
8891,35.0
8892,35.0
8893,35.0
8894,35.0
8895,35.0
8896,35.0
8897,35.0
8898,35.0
8899,35.0
8900,35.0
8901,35.0
8902,35.0
8903,35.0
8904,35.0
8905,35.0
8906,35.0
8907,35.0
8908,35.0
8909,35.0
8910,35.0
8911,35.0
8912,35.0
8913,35.0
8914,35.0
8915,35.0
8916,35.0
8917,35.0
8918,35.0
8919,35.0
8920,35.0
8921,35.0
8922,35.0
8923,35.0
8924,35.0
8925,35.0
8926,35.0
8927,35.0
8928,35.0
8929,35.0
8930,35.0
8931,35.0
8932,35.0
8933,35.0
8934,35.0
8935,35.0
8936,35.0
8937,35.0
8938,35.0
8939,35.0
8940,35.0
8941,35.0
8942,35.0
8943,35.0
8944,35.0
8945,35.0
8946,35.0
8947,35.0
8948,35.0
8949,35.0
8950,35.0
8951,35.0
8952,35.0
8953,35.0
8954,35.0
8955,35.0
8956,35.0
8957,35.0
8958,35.0
8959,35.0
8960,35.0
8961,35.0
8962,35.0
8963,35.0
8964,35.0
8965,35.0
8966,35.0
8967,35.0
8968,35.0
8969,35.0
8970,35.0
8971,35.0
8972,35.0
8973,35.0
8974,35.0
8975,35.0
8976,35.0
8977,35.0
8978,35.0
8979,35.0
8980,35.0
8981,35.0
8982,35.0
8983,35.0
8984,35.0
8985,35.0
8986,35.0
8987,35.0
8988,35.0
8989,35.0
8990,35.0
8991,35.0
8992,35.0
8993,35.0
8994,35.0
8995,35.0
8996,35.0
8997,35.0
8998,35.0
8999,35.0
9000,35.0
9001,35.0
9002,35.0
9003,35.0
9004,35.0
9005,35.0
9006,35.0
9007,35.0
9008,35.0
9009,35.0
9010,35.0
9011,35.0
9012,35.0
9013,35.0
9014,35.0
9015,35.0
9016,35.0
9017,35.0
9018,35.0
9019,35.0
9020,35.0
9021,35.0
9022,35.0
9023,35.0
9024,35.0
9025,35.0
9026,35.0
9027,35.0
9028,35.0
9029,35.0
9030,35.0
9031,35.0
9032,35.0
9033,35.0
9034,35.0
9035,35.0
9036,35.0
9037,35.0
9038,35.0
9039,35.0
9040,35.0
9041,35.0
9042,35.0
9043,35.0
9044,35.0
9045,35.0
9046,35.0
9047,35.0
9048,35.0
9049,35.0
9050,35.0
9051,35.0
9052,35.0
9053,35.0
9054,30.0
9055,30.0
9056,30.0
9057,30.0
9058,28.0
9059,33.0
9060,35.0
9061,35.0
9062,35.0
9063,35.0
9064,35.0
9065,35.0
9066,35.0
9067,35.0
9068,35.0
9069,35.0
9070,35.0
9071,35.0
9072,35.0
9073,35.0
9074,35.0
9075,35.0
9076,35.0
9077,35.0
9078,35.0
9079,35.0
9080,35.0
9081,35.0
9082,35.0
9083,35.0
9084,35.0
9085,35.0
9086,35.0
9087,35.0
9088,35.0
9089,35.0
9090,35.0
9091,35.0
9092,35.0
9093,35.0
9094,35.0
9095,35.0
9096,35.0
9097,35.0
9098,35.0
9099,35.0
9100,35.0
9101,35.0
9102,35.0
9103,35.0
9104,35.0
9105,35.0
9106,35.0
9107,35.0
9108,35.0
9109,35.0
9110,35.0
9111,35.0
9112,35.0
9113,35.0
9114,35.0
9115,35.0
9116,35.0
9117,35.0
9118,35.0
9119,35.0
9120,35.0
9121,35.0
9122,35.0
9123,35.0
9124,35.0
9125,35.0
9126,35.0
9127,35.0
9128,35.0
9129,35.0
9130,35.0
9131,35.0
9132,35.0
9133,35.0
9134,35.0
9135,35.0
9136,35.0
9137,35.0
9138,35.0
9139,35.0
9140,35.0
9141,35.0
9142,35.0
9143,35.0
9144,35.0
9145,35.0
9146,35.0
9147,35.0
9148,35.0
9149,35.0
9150,35.0
9151,35.0
9152,35.0
9153,30.0
9154,30.0
9155,30.0
9156,35.0
9157,35.0
9158,35.0
9159,35.0
9160,35.0
9161,35.0
9162,35.0
9163,35.0
9164,35.0
9165,35.0
9166,35.0
9167,35.0
9168,35.0
9169,35.0
9170,35.0
9171,35.0
9172,35.0
9173,35.0
9174,35.0
9175,35.0
9176,35.0
9177,35.0
9178,35.0
9179,35.0
9180,35.0
9181,35.0
9182,35.0
9183,35.0
9184,35.0
9185,35.0
9186,35.0
9187,35.0
9188,35.0
9189,35.0
9190,35.0
9191,35.0
9192,35.0
9193,35.0
9194,35.0
9195,35.0
9196,35.0
9197,35.0
9198,35.0
9199,35.0
9200,35.0
9201,35.0
9202,35.0
9203,35.0
9204,35.0
9205,35.0
9206,35.0
9207,35.0
9208,35.0
9209,35.0
9210,35.0
9211,35.0
9212,35.0
9213,35.0
9214,35.0
9215,35.0
9216,35.0
9217,35.0
9218,35.0
9219,35.0
9220,35.0
9221,35.0
9222,35.0
9223,35.0
9224,35.0
9225,35.0
9226,35.0
9227,35.0
9228,35.0
9229,35.0
9230,35.0
9231,35.0
9232,35.0
9233,35.0
9234,35.0
9235,35.0
9236,35.0
9237,35.0
9238,35.0
9239,35.0
9240,35.0
9241,35.0
9242,35.0
9243,35.0
9244,35.0
9245,35.0
9246,35.0
9247,35.0
9248,35.0
9249,35.0
9250,35.0
9251,35.0
9252,35.0
9253,35.0
9254,35.0
9255,35.0
9256,35.0
9257,35.0
9258,35.0
9259,35.0
9260,35.0
9261,35.0
9262,35.0
9263,35.0
9264,35.0
9265,35.0
9266,35.0
9267,35.0
9268,35.0
9269,35.0
9270,35.0
9271,35.0
9272,35.0
9273,35.0
9274,35.0
9275,35.0
9276,35.0
9277,35.0
9278,35.0
9279,35.0
9280,35.0
9281,35.0
9282,35.0
9283,35.0
9284,35.0
9285,35.0
9286,35.0
9287,35.0
9288,35.0
9289,35.0
9290,35.0
9291,35.0
9292,35.0
9293,35.0
9294,35.0
9295,35.0
9296,35.0
9297,35.0
9298,35.0
9299,35.0
9300,35.0
9301,35.0
9302,35.0
9303,35.0
9304,35.0
9305,35.0
9306,35.0
9307,35.0
9308,35.0
9309,35.0
9310,35.0
9311,35.0
9312,35.0
9313,35.0
9314,35.0
9315,35.0
9316,35.0
9317,35.0
9318,35.0
9319,35.0
9320,35.0
9321,35.0
9322,35.0
9323,35.0
9324,35.0
9325,35.0
9326,35.0
9327,35.0
9328,35.0
9329,35.0
9330,35.0
9331,35.0
9332,35.0
9333,35.0
9334,35.0
9335,35.0
9336,35.0
9337,35.0
9338,35.0
9339,35.0
9340,35.0
9341,35.0
9342,35.0
9343,35.0
9344,35.0
9345,35.0
9346,35.0
9347,35.0
9348,35.0
9349,35.0
9350,35.0
9351,35.0
9352,35.0
9353,35.0
9354,35.0
9355,35.0
9356,35.0
9357,35.0
9358,35.0
9359,35.0
9360,35.0
9361,35.0
9362,35.0
9363,35.0
9364,35.0
9365,35.0
9366,35.0
9367,35.0
9368,35.0
9369,35.0
9370,35.0
9371,35.0
9372,35.0
9373,35.0
9374,35.0
9375,35.0
9376,35.0
9377,35.0
9378,35.0
9379,35.0
9380,35.0
9381,35.0
9382,35.0
9383,35.0
9384,35.0
9385,35.0
9386,35.0
9387,35.0
9388,35.0
9389,35.0
9390,35.0
9391,35.0
9392,35.0
9393,35.0
9394,35.0
9395,35.0
9396,35.0
9397,35.0
9398,35.0
9399,35.0
9400,35.0
9401,35.0
9402,35.0
9403,35.0
9404,35.0
9405,35.0
9406,35.0
9407,35.0
9408,35.0
9409,35.0
9410,35.0
9411,35.0
9412,35.0
9413,35.0
9414,35.0
9415,35.0
9416,35.0
9417,35.0
9418,35.0
9419,35.0
9420,35.0
9421,35.0
9422,35.0
9423,35.0
9424,35.0
9425,35.0
9426,35.0
9427,35.0
9428,35.0
9429,35.0
9430,35.0
9431,35.0
9432,35.0
9433,35.0
9434,35.0
9435,35.0
9436,35.0
9437,35.0
9438,35.0
9439,35.0
9440,35.0
9441,35.0
9442,35.0
9443,35.0
9444,35.0
9445,35.0
9446,35.0
9447,35.0
9448,35.0
9449,35.0
9450,35.0
9451,35.0
9452,35.0
9453,35.0
9454,35.0
9455,35.0
9456,35.0
9457,35.0
9458,35.0
9459,35.0
9460,35.0
9461,35.0
9462,35.0
9463,35.0
9464,35.0
9465,35.0
9466,35.0
9467,35.0
9468,35.0
9469,35.0
9470,35.0
9471,35.0
9472,35.0
9473,35.0
9474,35.0
9475,35.0
9476,35.0
9477,35.0
9478,35.0
9479,35.0
9480,35.0
9481,35.0
9482,35.0
9483,35.0
9484,35.0
9485,35.0
9486,35.0
9487,35.0
9488,35.0
9489,35.0
9490,35.0
9491,35.0
9492,35.0
9493,35.0
9494,35.0
9495,35.0
9496,35.0
9497,35.0
9498,35.0
9499,35.0
9500,35.0
9501,35.0
9502,35.0
9503,35.0
9504,35.0
9505,35.0
9506,35.0
9507,35.0
9508,35.0
9509,35.0
9510,35.0
9511,35.0
9512,35.0
9513,35.0
9514,35.0
9515,35.0
9516,35.0
9517,35.0
9518,35.0
9519,35.0
9520,35.0
9521,35.0
9522,35.0
9523,35.0
9524,35.0
9525,35.0
9526,35.0
9527,35.0
9528,35.0
9529,35.0
9530,35.0
9531,35.0
9532,35.0
9533,35.0
9534,35.0
9535,35.0
9536,35.0
9537,35.0
9538,35.0
9539,35.0
9540,35.0
9541,35.0
9542,35.0
9543,35.0
9544,35.0
9545,35.0
9546,35.0
9547,35.0
9548,35.0
9549,35.0
9550,35.0
9551,35.0
9552,35.0
9553,35.0
9554,35.0
9555,35.0
9556,35.0
9557,35.0
9558,35.0
9559,35.0
9560,35.0
9561,35.0
9562,35.0
9563,35.0
9564,35.0
9565,35.0
9566,35.0
9567,35.0
9568,35.0
9569,35.0
9570,35.0
9571,35.0
9572,35.0
9573,35.0
9574,35.0
9575,35.0
9576,35.0
9577,35.0
9578,35.0
9579,35.0
9580,35.0
9581,35.0
9582,35.0
9583,35.0
9584,35.0
9585,35.0
9586,35.0
9587,35.0
9588,35.0
9589,35.0
9590,35.0
9591,35.0
9592,35.0
9593,35.0
9594,35.0
9595,35.0
9596,35.0
9597,35.0
9598,35.0
9599,35.0
9600,35.0
9601,35.0
9602,35.0
9603,35.0
9604,35.0
9605,35.0
9606,35.0
9607,35.0
9608,35.0
9609,35.0
9610,35.0
9611,35.0
9612,35.0
9613,35.0
9614,35.0
9615,35.0
9616,35.0
9617,35.0
9618,35.0
9619,35.0
9620,35.0
9621,35.0
9622,35.0
9623,35.0
9624,35.0
9625,35.0
9626,35.0
9627,35.0
9628,35.0
9629,35.0
9630,35.0
9631,35.0
9632,35.0
9633,35.0
9634,35.0
9635,35.0
9636,35.0
9637,35.0
9638,35.0
9639,35.0
9640,35.0
9641,35.0
9642,35.0
9643,35.0
9644,35.0
9645,35.0
9646,35.0
9647,35.0
9648,35.0
9649,35.0
9650,35.0
9651,35.0
9652,35.0
9653,35.0
9654,35.0
9655,35.0
9656,35.0
9657,35.0
9658,35.0
9659,35.0
9660,35.0
9661,35.0
9662,35.0
9663,35.0
9664,35.0
9665,35.0
9666,35.0
9667,35.0
9668,35.0
9669,35.0
9670,35.0
9671,35.0
9672,35.0
9673,35.0
9674,35.0
9675,35.0
9676,35.0
9677,35.0
9678,35.0
9679,35.0
9680,35.0
9681,35.0
9682,35.0
9683,35.0
9684,35.0
9685,35.0
9686,35.0
9687,35.0
9688,35.0
9689,35.0
9690,35.0
9691,35.0
9692,35.0
9693,35.0
9694,35.0
9695,35.0
9696,35.0
9697,35.0
9698,35.0
9699,35.0
9700,35.0
9701,35.0
9702,35.0
9703,35.0
9704,35.0
9705,35.0
9706,35.0
9707,35.0
9708,35.0
9709,35.0
9710,35.0
9711,35.0
9712,35.0
9713,35.0
9714,35.0
9715,35.0
9716,35.0
9717,35.0
9718,35.0
9719,35.0
9720,35.0
9721,35.0
9722,35.0
9723,35.0
9724,35.0
9725,35.0
9726,35.0
9727,35.0
9728,35.0
9729,35.0
9730,35.0
9731,35.0
9732,35.0
9733,35.0
9734,35.0
9735,35.0
9736,35.0
9737,35.0
9738,35.0
9739,35.0
9740,35.0
9741,35.0
9742,35.0
9743,35.0
9744,35.0
9745,35.0
9746,35.0
9747,35.0
9748,35.0
9749,35.0
9750,35.0
9751,35.0
9752,35.0
9753,35.0
9754,35.0
9755,35.0
9756,35.0
9757,35.0
9758,35.0
9759,35.0
9760,35.0
9761,35.0
9762,35.0
9763,35.0
9764,35.0
9765,35.0
9766,35.0
9767,35.0
9768,35.0
9769,35.0
9770,35.0
9771,35.0
9772,35.0
9773,35.0
9774,35.0
9775,35.0
9776,35.0
9777,35.0
9778,35.0
9779,35.0
9780,35.0
9781,35.0
9782,35.0
9783,35.0
9784,35.0
9785,35.0
9786,35.0
9787,35.0
9788,35.0
9789,35.0
9790,35.0
9791,35.0
9792,35.0
9793,35.0
9794,35.0
9795,35.0
9796,35.0
9797,35.0
9798,35.0
9799,35.0
9800,35.0
9801,35.0
9802,35.0
9803,35.0
9804,35.0
9805,35.0
9806,35.0
9807,35.0
9808,35.0
9809,35.0
9810,35.0
9811,35.0
9812,35.0
9813,35.0
9814,35.0
9815,35.0
9816,35.0
9817,35.0
9818,35.0
9819,35.0
9820,35.0
9821,35.0
9822,35.0
9823,35.0
9824,35.0
9825,35.0
9826,35.0
9827,35.0
9828,35.0
9829,35.0
9830,35.0
9831,35.0
9832,35.0
9833,35.0
9834,35.0
9835,35.0
9836,35.0
9837,35.0
9838,35.0
9839,35.0
9840,35.0
9841,35.0
9842,35.0
9843,35.0
9844,35.0
9845,35.0
9846,35.0
9847,35.0
9848,35.0
9849,35.0
9850,35.0
9851,35.0
9852,35.0
9853,35.0
9854,35.0
9855,35.0
9856,35.0
9857,35.0
9858,35.0
9859,35.0
9860,35.0
9861,35.0
9862,35.0
9863,35.0
9864,35.0
9865,35.0
9866,35.0
9867,35.0
9868,35.0
9869,35.0
9870,35.0
9871,35.0
9872,35.0
9873,35.0
9874,35.0
9875,35.0
9876,35.0
9877,35.0
9878,35.0
9879,35.0
9880,35.0
9881,35.0
9882,35.0
9883,35.0
9884,35.0
9885,35.0
9886,35.0
9887,35.0
9888,35.0
9889,35.0
9890,35.0
9891,35.0
9892,35.0
9893,35.0
9894,35.0
9895,35.0
9896,35.0
9897,35.0
9898,35.0
9899,35.0
9900,35.0
9901,35.0
9902,35.0
9903,35.0
9904,35.0
9905,35.0
9906,35.0
9907,35.0
9908,35.0
9909,35.0
9910,35.0
9911,35.0
9912,35.0
9913,35.0
9914,35.0
9915,35.0
9916,35.0
9917,35.0
9918,35.0
9919,35.0
9920,35.0
9921,35.0
9922,35.0
9923,35.0
9924,35.0
9925,35.0
9926,35.0
9927,35.0
9928,35.0
9929,35.0
9930,35.0
9931,35.0
9932,35.0
9933,35.0
9934,35.0
9935,35.0
9936,35.0
9937,35.0
9938,35.0
9939,35.0
9940,35.0
9941,35.0
9942,35.0
9943,35.0
9944,35.0
9945,35.0
9946,35.0
9947,35.0
9948,35.0
9949,35.0
9950,35.0
9951,35.0
9952,30.0
9953,30.0
9954,28.0
9955,35.0
9956,35.0
9957,35.0
9958,35.0
9959,35.0
9960,35.0
9961,35.0
9962,35.0
9963,35.0
9964,35.0
9965,35.0
9966,35.0
9967,35.0
9968,35.0
9969,35.0
9970,35.0
9971,35.0
9972,35.0
9973,35.0
9974,35.0
9975,35.0
9976,35.0
9977,35.0
9978,35.0
9979,35.0
9980,35.0
9981,35.0
9982,35.0
9983,35.0
9984,35.0
9985,35.0
9986,35.0
9987,35.0
9988,35.0
9989,35.0
9990,35.0
9991,35.0
9992,35.0
9993,35.0
9994,35.0
9995,35.0
9996,35.0
9997,35.0
9998,35.0
9999,35.0
